"ComparisonGuid","ObjectType","SchemaName","ObjectName","ParentObjectName","DifferenceType","SourceHash","TargetHash","SourceFile","PrepareFile","PreflightFile","SupportFiles","DeploymentMode","IsSupported","WasMaterialized","MaterializedDefinitionSha256","MaterializedFiles","ConstraintKind","Reason"
"6b2279a4-0d03-4152-ad94-12610b52d3e4","Table","SCore","EntityTypes","","Different","260F89AE455E45B8ABA36B859D7B7EC2A5DC343687DA6D02AE19A01C7B042D55","DE525DAD3B5E8E77D22C774A0E413A8B841F036FCE03204DBF32911A6E34B770","C:\Users\stephen.brett\source\CymBuild.Monorepo\Database\CymBuild_DB\Schema\Migrations\Generated\Tables\SCore.EntityTypes.alter.sql","","C:\Users\stephen.brett\source\CymBuild.Monorepo\Database\CymBuild_DB\Schema\Migrations\Generated\Tables\SCore.EntityTypes.preflight.sql","System.Object[]","DeclarativeTableAlter","True","False","A30C3843C5C9C1993D24026BD47DB98F33399133B682C3C3C1650EB16000197C","System.String[]","","Source-controlled table convergence SQL files were resolved."
"b3c327b1-b242-42d6-85f7-29fab376757b","Table","SCore","ObjectSecurity","","Different","F8196E022BF3112E9064A03D5C684F01104A9D1DCCEFC66C00E88FFC96218465","CB87A3A249D92B3E7D847A0FBFC2DA254E91BB13B6EE3D0A4000E869D84FDE29","","","","System.Object[]","","False","False","","System.Object[]","","A dedicated migration exists for Table 'SCore.ObjectSecurity', but its approved source hash does not match the current comparison. Re-stage and review the source-controlled migration."
"653b74e9-351b-4da4-ba8a-70d41ba95ed9","Table","SJob","PurchaseOrders","","Different","9C173B27AD8FC5B6C3309E8DD3EF44C089A364251AAFB18C9658327279F9A261","21D85DE8041879BB84EC15F3AE106791CDF18A165BE7F716084DC9F74A5079DD","C:\Users\stephen.brett\source\CymBuild.Monorepo\Database\CymBuild_DB\Schema\Migrations\Generated\Tables\SJob.PurchaseOrders.alter.sql","","C:\Users\stephen.brett\source\CymBuild.Monorepo\Database\CymBuild_DB\Schema\Migrations\Generated\Tables\SJob.PurchaseOrders.preflight.sql","System.Object[]","DeclarativeTableAlter","True","False","F2005AE0CA23BEA4F07EF02026FBCC127B28C163AACDECEE268F14BCAB3E2760","System.String[]","","Source-controlled table convergence SQL files were resolved."
"39a76c1d-d50c-4a1d-8ccd-33ac519df3dd","Table","SJob","SubContractorInvoices","","Different","79F9CE698FEF92082FA320376C3604CCC9B208D569612A456FA400F4527812AC","8645CF5CC7E6623582DD4AF41A56D3AB798F83562CB3CB40F5047A191823C4C7","C:\Users\stephen.brett\source\CymBuild.Monorepo\Database\CymBuild_DB\Schema\Migrations\Generated\Tables\SJob.SubContractorInvoices.alter.sql","","C:\Users\stephen.brett\source\CymBuild.Monorepo\Database\CymBuild_DB\Schema\Migrations\Generated\Tables\SJob.SubContractorInvoices.preflight.sql","System.Object[]","DeclarativeTableAlter","True","False","8C9C90CDEDB4E24F91A814979BFAC7C3683973884E818AD4FF3AD72C146601B6","System.String[]","","Source-controlled table convergence SQL files were resolved."
"e273a70c-34ad-4003-89ec-b498db3b530f","Table","SMigration","Onboarding_EntityScope","","MissingInTarget","957BB7C308195DAFAB8B61D19D5D5AF7EA1F64238AC0F62A2FB1B46B7282031C","","C:\Users\stephen.brett\source\CymBuild.Monorepo\Database\CymBuild_DB\Schema\Tables\SMigration.Onboarding_EntityScope.sql","","","System.Object[]","CanonicalCreate","True","False","","System.Object[]","","Source-controlled SQL file resolved."
"7b4c792f-fe21-4f9e-89a1-4756f8ae323b","Table","SMigration","Onboarding_OrganisationalUnits","","Different","CE484D255364273629C7A3D46D282588D61422A96F75800D65F071C2F954FFBE","DE889B72769CA12F0C723D20C7E22F7C32A37F73632FDCDD5D8638C80C8A358C","C:\Users\stephen.brett\source\CymBuild.Monorepo\Database\CymBuild_DB\Schema\Migrations\Generated\Tables\SMigration.Onboarding_OrganisationalUnits.alter.sql","","C:\Users\stephen.brett\source\CymBuild.Monorepo\Database\CymBuild_DB\Schema\Migrations\Generated\Tables\SMigration.Onboarding_OrganisationalUnits.preflight.sql","System.Object[]","DeclarativeTableAlter","True","False","CB5CF370638FD3D48C28DE53EEE45596B170CB067EF8E52DA4BD83601CA0731B","System.String[]","","Source-controlled table convergence SQL files were resolved."
"77b9823d-3302-4756-9166-387626b74bf4","Table","SMigration","Onboarding_Run","","Different","ADA36F76EB21CBAF5184817D811E407BED7BEE8DA0513DA6DDCDCE2D0E863088","700B577E569A00EF0039291A3D7B38BCDE9D780EA6122EF60A9FD6C44A0647DC","C:\Users\stephen.brett\source\CymBuild.Monorepo\Database\CymBuild_DB\Schema\Migrations\Generated\Tables\SMigration.Onboarding_Run.alter.sql","","C:\Users\stephen.brett\source\CymBuild.Monorepo\Database\CymBuild_DB\Schema\Migrations\Generated\Tables\SMigration.Onboarding_Run.preflight.sql","System.Object[]","DeclarativeTableAlter","True","False","3AC92DBD21B9396922F391A49D84C23626616C1F41305792AF96F930380D6B6A","System.String[]","","Source-controlled table convergence SQL files were resolved."
"21e3df85-d730-4d5b-9b6c-dbda63d53d2f","Table","SMigration","Onboarding_RunEntitySelections","","MissingInTarget","D311CFA2B32CB095275625F8C762C17FA9A125F4A2BCAFBAAFC4F0464B655689","","C:\Users\stephen.brett\source\CymBuild.Monorepo\Database\CymBuild_DB\Schema\Tables\SMigration.Onboarding_RunEntitySelections.sql","","","System.Object[]","CanonicalCreate","True","False","","System.Object[]","","Source-controlled SQL file resolved."
"3718e36e-23f2-4ef5-88de-30fbe31e9b3a","Table","SMigration","Onboarding_RunStageSelections","","MissingInTarget","D0067FACC6CF434BD72B672D6E99B6D4EC6BD65AF0705960B8C54630D03A5F2F","","C:\Users\stephen.brett\source\CymBuild.Monorepo\Database\CymBuild_DB\Schema\Tables\SMigration.Onboarding_RunStageSelections.sql","","","System.Object[]","CanonicalCreate","True","False","","System.Object[]","","Source-controlled SQL file resolved."
"5708e557-7c81-484c-85d4-a789bd802e4a","Table","SMigration","Onboarding_WorkflowStatuses","","MissingInTarget","D4EC9DFB72C9B0180458BC6D3AC3A5AF0FB7D9B55AB92F972C774171FA247922","","C:\Users\stephen.brett\source\CymBuild.Monorepo\Database\CymBuild_DB\Schema\Tables\SMigration.Onboarding_WorkflowStatuses.sql","","","System.Object[]","CanonicalCreate","True","False","","System.Object[]","","Source-controlled SQL file resolved."
"a5ad02db-de22-4462-b264-f4ddea544c4a","Table","SSop","CriticalProjectNotes","","MissingInTarget","E4B2D5003490FDBC5FA106B10DECF08E30B910F43800A38EAB41787BE15CD4A8","","C:\Users\stephen.brett\source\CymBuild.Monorepo\Database\CymBuild_DB\Schema\Tables\SSop.CriticalProjectNotes.sql","","","System.Object[]","CanonicalCreate","True","False","","System.Object[]","","Source-controlled SQL file resolved."
"6c5a4080-4dd8-4657-ab55-78c1c89ace56","Constraint","SCore","DF__tvf_DataO__IsHid__25767D7C","tvf_DataObjectTransitionValidate","MissingInTarget","4C56535AC1DA0D677F77958CF60EA6DCEA4AB40DC473DA768AF95412767B9683","","C:\Users\stephen.brett\source\CymBuild.Monorepo\Database\CymBuild_DB\Schema\Constraints\SCore.tvf_DataObjectTransitionValidate.DF__tvf_DataO__IsHid__25767D7C.sql","","C:\Users\stephen.brett\source\CymBuild.Monorepo\Database\CymBuild_DB\Schema\Constraints\SCore.tvf_DataObjectTransitionValidate.DF__tvf_DataO__IsHid__25767D7C.preflight.sql","System.Object[]","ConstraintCreate","True","False","A8E3545B05890BC0060027C5A60F46F6EF6CD1AFFC6F6547D6CC7D5AF867B161","System.String[]","DEFAULT","Source-controlled constraint SQL files were resolved."
"792bc6e9-4989-42fc-b78d-818f4d8e87ed","Constraint","SCore","DF__tvf_DataO__IsInf__275EC5EE","tvf_DataObjectTransitionValidate","MissingInTarget","5CDDE45AB400547D17C1F511018C11F189CBCD8DED9C3CA918E4D96BBE1C14C9","","C:\Users\stephen.brett\source\CymBuild.Monorepo\Database\CymBuild_DB\Schema\Constraints\SCore.tvf_DataObjectTransitionValidate.DF__tvf_DataO__IsInf__275EC5EE.sql","","C:\Users\stephen.brett\source\CymBuild.Monorepo\Database\CymBuild_DB\Schema\Constraints\SCore.tvf_DataObjectTransitionValidate.DF__tvf_DataO__IsInf__275EC5EE.preflight.sql","System.Object[]","ConstraintCreate","True","False","DF261A1223EF9F09F76C7C41470BC5386F345801379AA9711813A997C7B9935C","System.String[]","DEFAULT","Source-controlled constraint SQL files were resolved."
"4ed9a009-c3d0-487f-b4f9-6c88ad49d7e5","Constraint","SCore","DF__tvf_DataO__IsInv__266AA1B5","tvf_DataObjectTransitionValidate","MissingInTarget","47FFCB032EC9ABF53490116879B46A434AAB37E57A8BF0C7DDB54C1C9DD0DBC2","","C:\Users\stephen.brett\source\CymBuild.Monorepo\Database\CymBuild_DB\Schema\Constraints\SCore.tvf_DataObjectTransitionValidate.DF__tvf_DataO__IsInv__266AA1B5.sql","","C:\Users\stephen.brett\source\CymBuild.Monorepo\Database\CymBuild_DB\Schema\Constraints\SCore.tvf_DataObjectTransitionValidate.DF__tvf_DataO__IsInv__266AA1B5.preflight.sql","System.Object[]","ConstraintCreate","True","False","7EA15F0FB6F5909E0B1626355BABCEC26C1A846CB48AC9D086463E0FD3AEA5A4","System.String[]","DEFAULT","Source-controlled constraint SQL files were resolved."
"895bc721-7581-4c20-8308-37abc61b6d0b","Constraint","SCore","DF__tvf_DataO__IsRea__24825943","tvf_DataObjectTransitionValidate","MissingInTarget","913A4FFEC21A8C990E21FCA37CF72D5DDBA81B2AE629852DC83F441956B45D5A","","C:\Users\stephen.brett\source\CymBuild.Monorepo\Database\CymBuild_DB\Schema\Constraints\SCore.tvf_DataObjectTransitionValidate.DF__tvf_DataO__IsRea__24825943.sql","","C:\Users\stephen.brett\source\CymBuild.Monorepo\Database\CymBuild_DB\Schema\Constraints\SCore.tvf_DataObjectTransitionValidate.DF__tvf_DataO__IsRea__24825943.preflight.sql","System.Object[]","ConstraintCreate","True","False","33ACABD98491DC316BC9F0A7B14B310B3E725C7867DCC6A05C7329AC0ACD0614","System.String[]","DEFAULT","Source-controlled constraint SQL files were resolved."
"65cff6ea-d483-4930-95eb-05f2cf44874c","Constraint","SCore","DF__tvf_DataO__Messa__2852EA27","tvf_DataObjectTransitionValidate","MissingInTarget","AE23361C700959395C0E8EAB5A839ABD85DF04F2246652F12AFC7A455D1AFFD5","","C:\Users\stephen.brett\source\CymBuild.Monorepo\Database\CymBuild_DB\Schema\Constraints\SCore.tvf_DataObjectTransitionValidate.DF__tvf_DataO__Messa__2852EA27.sql","","C:\Users\stephen.brett\source\CymBuild.Monorepo\Database\CymBuild_DB\Schema\Constraints\SCore.tvf_DataObjectTransitionValidate.DF__tvf_DataO__Messa__2852EA27.preflight.sql","System.Object[]","ConstraintCreate","True","False","78AE966C56D426F14E1F10959ECD319E7762C374EA902B8FA29FED6C70EEEC6F","System.String[]","DEFAULT","Source-controlled constraint SQL files were resolved."
"66547994-5661-4ba3-878f-98f01231064e","Constraint","SCore","DF__tvf_DataO__Targe__229A10D1","tvf_DataObjectTransitionValidate","MissingInTarget","DC8397CCE23522BDB38F8F2530FEE78870948E5374A9E2E496E8E953666845DC","","C:\Users\stephen.brett\source\CymBuild.Monorepo\Database\CymBuild_DB\Schema\Constraints\SCore.tvf_DataObjectTransitionValidate.DF__tvf_DataO__Targe__229A10D1.sql","","C:\Users\stephen.brett\source\CymBuild.Monorepo\Database\CymBuild_DB\Schema\Constraints\SCore.tvf_DataObjectTransitionValidate.DF__tvf_DataO__Targe__229A10D1.preflight.sql","System.Object[]","ConstraintCreate","True","False","8178317E84A8D7833A1E9851EE9DECA4177C96D4CA65C043F0D6421DB41DEEEA","System.String[]","DEFAULT","Source-controlled constraint SQL files were resolved."
"653327d2-be82-46a4-ad44-c0b17260cbe8","Constraint","SCore","DF__tvf_DataO__Targe__238E350A","tvf_DataObjectTransitionValidate","MissingInTarget","FCFDE80E381BF5EDA60434BD53700953F254E3C7480743CF0584BFBF0C230524","","C:\Users\stephen.brett\source\CymBuild.Monorepo\Database\CymBuild_DB\Schema\Constraints\SCore.tvf_DataObjectTransitionValidate.DF__tvf_DataO__Targe__238E350A.sql","","C:\Users\stephen.brett\source\CymBuild.Monorepo\Database\CymBuild_DB\Schema\Constraints\SCore.tvf_DataObjectTransitionValidate.DF__tvf_DataO__Targe__238E350A.preflight.sql","System.Object[]","ConstraintCreate","True","False","85820182A65BBAC21CCA35F8163B626EE57B86D1186635DA5769BEFF2F7B9B2A","System.String[]","DEFAULT","Source-controlled constraint SQL files were resolved."
"201071e9-fb41-4fec-b39e-dd2af7fb1f13","Constraint","SCore","DF__tvf_Workf__IsHid__00A4EB80","tvf_WorkflowTransitionValidate","MissingInTarget","4C56535AC1DA0D677F77958CF60EA6DCEA4AB40DC473DA768AF95412767B9683","","C:\Users\stephen.brett\source\CymBuild.Monorepo\Database\CymBuild_DB\Schema\Constraints\SCore.tvf_WorkflowTransitionValidate.DF__tvf_Workf__IsHid__00A4EB80.sql","","C:\Users\stephen.brett\source\CymBuild.Monorepo\Database\CymBuild_DB\Schema\Constraints\SCore.tvf_WorkflowTransitionValidate.DF__tvf_Workf__IsHid__00A4EB80.preflight.sql","System.Object[]","ConstraintCreate","True","False","A8E3545B05890BC0060027C5A60F46F6EF6CD1AFFC6F6547D6CC7D5AF867B161","System.String[]","DEFAULT","Source-controlled constraint SQL files were resolved."
"e37df8ec-9be9-4c71-be44-851f15fc4b01","Constraint","SCore","DF__tvf_Workf__IsHid__0751E90F","tvf_WorkflowValidate","MissingInTarget","4C56535AC1DA0D677F77958CF60EA6DCEA4AB40DC473DA768AF95412767B9683","","C:\Users\stephen.brett\source\CymBuild.Monorepo\Database\CymBuild_DB\Schema\Constraints\SCore.tvf_WorkflowValidate.DF__tvf_Workf__IsHid__0751E90F.sql","","C:\Users\stephen.brett\source\CymBuild.Monorepo\Database\CymBuild_DB\Schema\Constraints\SCore.tvf_WorkflowValidate.DF__tvf_Workf__IsHid__0751E90F.preflight.sql","System.Object[]","ConstraintCreate","True","False","A8E3545B05890BC0060027C5A60F46F6EF6CD1AFFC6F6547D6CC7D5AF867B161","System.String[]","DEFAULT","Source-controlled constraint SQL files were resolved."
"81fb7dd9-eba8-47f6-a0bc-3d7805d1fbc6","Constraint","SCore","DF__tvf_Workf__IsHid__79F7EDF1","tvf_WorkflowStatusValidate","MissingInTarget","4C56535AC1DA0D677F77958CF60EA6DCEA4AB40DC473DA768AF95412767B9683","","C:\Users\stephen.brett\source\CymBuild.Monorepo\Database\CymBuild_DB\Schema\Constraints\SCore.tvf_WorkflowStatusValidate.DF__tvf_Workf__IsHid__79F7EDF1.sql","","C:\Users\stephen.brett\source\CymBuild.Monorepo\Database\CymBuild_DB\Schema\Constraints\SCore.tvf_WorkflowStatusValidate.DF__tvf_Workf__IsHid__79F7EDF1.preflight.sql","System.Object[]","ConstraintCreate","True","False","A8E3545B05890BC0060027C5A60F46F6EF6CD1AFFC6F6547D6CC7D5AF867B161","System.String[]","DEFAULT","Source-controlled constraint SQL files were resolved."
"a116c04c-2ea4-4a75-92cb-4a4ba86ff3d4","Constraint","SCore","DF__tvf_Workf__IsInf__028D33F2","tvf_WorkflowTransitionValidate","MissingInTarget","5CDDE45AB400547D17C1F511018C11F189CBCD8DED9C3CA918E4D96BBE1C14C9","","C:\Users\stephen.brett\source\CymBuild.Monorepo\Database\CymBuild_DB\Schema\Constraints\SCore.tvf_WorkflowTransitionValidate.DF__tvf_Workf__IsInf__028D33F2.sql","","C:\Users\stephen.brett\source\CymBuild.Monorepo\Database\CymBuild_DB\Schema\Constraints\SCore.tvf_WorkflowTransitionValidate.DF__tvf_Workf__IsInf__028D33F2.preflight.sql","System.Object[]","ConstraintCreate","True","False","DF261A1223EF9F09F76C7C41470BC5386F345801379AA9711813A997C7B9935C","System.String[]","DEFAULT","Source-controlled constraint SQL files were resolved."
"e0a06af5-3da0-40de-ae41-70086f8b5a46","Constraint","SCore","DF__tvf_Workf__IsInf__093A3181","tvf_WorkflowValidate","MissingInTarget","5CDDE45AB400547D17C1F511018C11F189CBCD8DED9C3CA918E4D96BBE1C14C9","","C:\Users\stephen.brett\source\CymBuild.Monorepo\Database\CymBuild_DB\Schema\Constraints\SCore.tvf_WorkflowValidate.DF__tvf_Workf__IsInf__093A3181.sql","","C:\Users\stephen.brett\source\CymBuild.Monorepo\Database\CymBuild_DB\Schema\Constraints\SCore.tvf_WorkflowValidate.DF__tvf_Workf__IsInf__093A3181.preflight.sql","System.Object[]","ConstraintCreate","True","False","DF261A1223EF9F09F76C7C41470BC5386F345801379AA9711813A997C7B9935C","System.String[]","DEFAULT","Source-controlled constraint SQL files were resolved."
"a3afc765-20bb-43e1-8dce-1db725ce51f2","Constraint","SCore","DF__tvf_Workf__IsInf__7BE03663","tvf_WorkflowStatusValidate","MissingInTarget","5CDDE45AB400547D17C1F511018C11F189CBCD8DED9C3CA918E4D96BBE1C14C9","","C:\Users\stephen.brett\source\CymBuild.Monorepo\Database\CymBuild_DB\Schema\Constraints\SCore.tvf_WorkflowStatusValidate.DF__tvf_Workf__IsInf__7BE03663.sql","","C:\Users\stephen.brett\source\CymBuild.Monorepo\Database\CymBuild_DB\Schema\Constraints\SCore.tvf_WorkflowStatusValidate.DF__tvf_Workf__IsInf__7BE03663.preflight.sql","System.Object[]","ConstraintCreate","True","False","DF261A1223EF9F09F76C7C41470BC5386F345801379AA9711813A997C7B9935C","System.String[]","DEFAULT","Source-controlled constraint SQL files were resolved."
"b86c0a07-4575-4332-bdff-21717b54c07e","Constraint","SCore","DF__tvf_Workf__IsInv__01990FB9","tvf_WorkflowTransitionValidate","MissingInTarget","47FFCB032EC9ABF53490116879B46A434AAB37E57A8BF0C7DDB54C1C9DD0DBC2","","C:\Users\stephen.brett\source\CymBuild.Monorepo\Database\CymBuild_DB\Schema\Constraints\SCore.tvf_WorkflowTransitionValidate.DF__tvf_Workf__IsInv__01990FB9.sql","","C:\Users\stephen.brett\source\CymBuild.Monorepo\Database\CymBuild_DB\Schema\Constraints\SCore.tvf_WorkflowTransitionValidate.DF__tvf_Workf__IsInv__01990FB9.preflight.sql","System.Object[]","ConstraintCreate","True","False","7EA15F0FB6F5909E0B1626355BABCEC26C1A846CB48AC9D086463E0FD3AEA5A4","System.String[]","DEFAULT","Source-controlled constraint SQL files were resolved."
"b6c25924-42c4-4e86-b9bd-56fc067e3998","Constraint","SCore","DF__tvf_Workf__IsInv__08460D48","tvf_WorkflowValidate","MissingInTarget","47FFCB032EC9ABF53490116879B46A434AAB37E57A8BF0C7DDB54C1C9DD0DBC2","","C:\Users\stephen.brett\source\CymBuild.Monorepo\Database\CymBuild_DB\Schema\Constraints\SCore.tvf_WorkflowValidate.DF__tvf_Workf__IsInv__08460D48.sql","","C:\Users\stephen.brett\source\CymBuild.Monorepo\Database\CymBuild_DB\Schema\Constraints\SCore.tvf_WorkflowValidate.DF__tvf_Workf__IsInv__08460D48.preflight.sql","System.Object[]","ConstraintCreate","True","False","7EA15F0FB6F5909E0B1626355BABCEC26C1A846CB48AC9D086463E0FD3AEA5A4","System.String[]","DEFAULT","Source-controlled constraint SQL files were resolved."
"df0970f0-c756-4599-942a-80ca376444e2","Constraint","SCore","DF__tvf_Workf__IsInv__7AEC122A","tvf_WorkflowStatusValidate","MissingInTarget","47FFCB032EC9ABF53490116879B46A434AAB37E57A8BF0C7DDB54C1C9DD0DBC2","","C:\Users\stephen.brett\source\CymBuild.Monorepo\Database\CymBuild_DB\Schema\Constraints\SCore.tvf_WorkflowStatusValidate.DF__tvf_Workf__IsInv__7AEC122A.sql","","C:\Users\stephen.brett\source\CymBuild.Monorepo\Database\CymBuild_DB\Schema\Constraints\SCore.tvf_WorkflowStatusValidate.DF__tvf_Workf__IsInv__7AEC122A.preflight.sql","System.Object[]","ConstraintCreate","True","False","7EA15F0FB6F5909E0B1626355BABCEC26C1A846CB48AC9D086463E0FD3AEA5A4","System.String[]","DEFAULT","Source-controlled constraint SQL files were resolved."
"1eb09d58-ed21-4baa-8a66-067f11533408","Constraint","SCore","DF__tvf_Workf__IsRea__065DC4D6","tvf_WorkflowValidate","MissingInTarget","913A4FFEC21A8C990E21FCA37CF72D5DDBA81B2AE629852DC83F441956B45D5A","","C:\Users\stephen.brett\source\CymBuild.Monorepo\Database\CymBuild_DB\Schema\Constraints\SCore.tvf_WorkflowValidate.DF__tvf_Workf__IsRea__065DC4D6.sql","","C:\Users\stephen.brett\source\CymBuild.Monorepo\Database\CymBuild_DB\Schema\Constraints\SCore.tvf_WorkflowValidate.DF__tvf_Workf__IsRea__065DC4D6.preflight.sql","System.Object[]","ConstraintCreate","True","False","33ACABD98491DC316BC9F0A7B14B310B3E725C7867DCC6A05C7329AC0ACD0614","System.String[]","DEFAULT","Source-controlled constraint SQL files were resolved."
"14c0910e-36f9-4158-bcc6-8db211597c77","Constraint","SCore","DF__tvf_Workf__IsRea__7903C9B8","tvf_WorkflowStatusValidate","MissingInTarget","913A4FFEC21A8C990E21FCA37CF72D5DDBA81B2AE629852DC83F441956B45D5A","","C:\Users\stephen.brett\source\CymBuild.Monorepo\Database\CymBuild_DB\Schema\Constraints\SCore.tvf_WorkflowStatusValidate.DF__tvf_Workf__IsRea__7903C9B8.sql","","C:\Users\stephen.brett\source\CymBuild.Monorepo\Database\CymBuild_DB\Schema\Constraints\SCore.tvf_WorkflowStatusValidate.DF__tvf_Workf__IsRea__7903C9B8.preflight.sql","System.Object[]","ConstraintCreate","True","False","33ACABD98491DC316BC9F0A7B14B310B3E725C7867DCC6A05C7329AC0ACD0614","System.String[]","DEFAULT","Source-controlled constraint SQL files were resolved."
"da9f0606-070f-46b5-815f-2a859d7fca49","Constraint","SCore","DF__tvf_Workf__IsRea__7FB0C747","tvf_WorkflowTransitionValidate","MissingInTarget","913A4FFEC21A8C990E21FCA37CF72D5DDBA81B2AE629852DC83F441956B45D5A","","C:\Users\stephen.brett\source\CymBuild.Monorepo\Database\CymBuild_DB\Schema\Constraints\SCore.tvf_WorkflowTransitionValidate.DF__tvf_Workf__IsRea__7FB0C747.sql","","C:\Users\stephen.brett\source\CymBuild.Monorepo\Database\CymBuild_DB\Schema\Constraints\SCore.tvf_WorkflowTransitionValidate.DF__tvf_Workf__IsRea__7FB0C747.preflight.sql","System.Object[]","ConstraintCreate","True","False","33ACABD98491DC316BC9F0A7B14B310B3E725C7867DCC6A05C7329AC0ACD0614","System.String[]","DEFAULT","Source-controlled constraint SQL files were resolved."
"2b875235-5549-4086-a900-2bcef9f91e18","Constraint","SCore","DF__tvf_Workf__Messa__0381582B","tvf_WorkflowTransitionValidate","MissingInTarget","AE23361C700959395C0E8EAB5A839ABD85DF04F2246652F12AFC7A455D1AFFD5","","C:\Users\stephen.brett\source\CymBuild.Monorepo\Database\CymBuild_DB\Schema\Constraints\SCore.tvf_WorkflowTransitionValidate.DF__tvf_Workf__Messa__0381582B.sql","","C:\Users\stephen.brett\source\CymBuild.Monorepo\Database\CymBuild_DB\Schema\Constraints\SCore.tvf_WorkflowTransitionValidate.DF__tvf_Workf__Messa__0381582B.preflight.sql","System.Object[]","ConstraintCreate","True","False","78AE966C56D426F14E1F10959ECD319E7762C374EA902B8FA29FED6C70EEEC6F","System.String[]","DEFAULT","Source-controlled constraint SQL files were resolved."
"cd7dd01f-5c84-4d3e-bcc2-4af048f5bb2d","Constraint","SCore","DF__tvf_Workf__Messa__0A2E55BA","tvf_WorkflowValidate","MissingInTarget","AE23361C700959395C0E8EAB5A839ABD85DF04F2246652F12AFC7A455D1AFFD5","","C:\Users\stephen.brett\source\CymBuild.Monorepo\Database\CymBuild_DB\Schema\Constraints\SCore.tvf_WorkflowValidate.DF__tvf_Workf__Messa__0A2E55BA.sql","","C:\Users\stephen.brett\source\CymBuild.Monorepo\Database\CymBuild_DB\Schema\Constraints\SCore.tvf_WorkflowValidate.DF__tvf_Workf__Messa__0A2E55BA.preflight.sql","System.Object[]","ConstraintCreate","True","False","78AE966C56D426F14E1F10959ECD319E7762C374EA902B8FA29FED6C70EEEC6F","System.String[]","DEFAULT","Source-controlled constraint SQL files were resolved."
"964ddaed-eaed-4b9f-bbc8-cb1cdebd1824","Constraint","SCore","DF__tvf_Workf__Messa__7CD45A9C","tvf_WorkflowStatusValidate","MissingInTarget","AE23361C700959395C0E8EAB5A839ABD85DF04F2246652F12AFC7A455D1AFFD5","","C:\Users\stephen.brett\source\CymBuild.Monorepo\Database\CymBuild_DB\Schema\Constraints\SCore.tvf_WorkflowStatusValidate.DF__tvf_Workf__Messa__7CD45A9C.sql","","C:\Users\stephen.brett\source\CymBuild.Monorepo\Database\CymBuild_DB\Schema\Constraints\SCore.tvf_WorkflowStatusValidate.DF__tvf_Workf__Messa__7CD45A9C.preflight.sql","System.Object[]","ConstraintCreate","True","False","78AE966C56D426F14E1F10959ECD319E7762C374EA902B8FA29FED6C70EEEC6F","System.String[]","DEFAULT","Source-controlled constraint SQL files were resolved."
"35633d8b-85b3-4acc-bd85-bda3925f76a1","Constraint","SCore","DF__tvf_Workf__Targe__04757C64","tvf_WorkflowValidate","MissingInTarget","DC8397CCE23522BDB38F8F2530FEE78870948E5374A9E2E496E8E953666845DC","","C:\Users\stephen.brett\source\CymBuild.Monorepo\Database\CymBuild_DB\Schema\Constraints\SCore.tvf_WorkflowValidate.DF__tvf_Workf__Targe__04757C64.sql","","C:\Users\stephen.brett\source\CymBuild.Monorepo\Database\CymBuild_DB\Schema\Constraints\SCore.tvf_WorkflowValidate.DF__tvf_Workf__Targe__04757C64.preflight.sql","System.Object[]","ConstraintCreate","True","False","8178317E84A8D7833A1E9851EE9DECA4177C96D4CA65C043F0D6421DB41DEEEA","System.String[]","DEFAULT","Source-controlled constraint SQL files were resolved."
"a83d38f6-bfd7-4c26-ad07-97839fccf836","Constraint","SCore","DF__tvf_Workf__Targe__0569A09D","tvf_WorkflowValidate","MissingInTarget","FCFDE80E381BF5EDA60434BD53700953F254E3C7480743CF0584BFBF0C230524","","C:\Users\stephen.brett\source\CymBuild.Monorepo\Database\CymBuild_DB\Schema\Constraints\SCore.tvf_WorkflowValidate.DF__tvf_Workf__Targe__0569A09D.sql","","C:\Users\stephen.brett\source\CymBuild.Monorepo\Database\CymBuild_DB\Schema\Constraints\SCore.tvf_WorkflowValidate.DF__tvf_Workf__Targe__0569A09D.preflight.sql","System.Object[]","ConstraintCreate","True","False","85820182A65BBAC21CCA35F8163B626EE57B86D1186635DA5769BEFF2F7B9B2A","System.String[]","DEFAULT","Source-controlled constraint SQL files were resolved."
"b6e4999e-bd5e-4e39-b1d6-3ee64586fa14","Constraint","SCore","DF__tvf_Workf__Targe__771B8146","tvf_WorkflowStatusValidate","MissingInTarget","DC8397CCE23522BDB38F8F2530FEE78870948E5374A9E2E496E8E953666845DC","","C:\Users\stephen.brett\source\CymBuild.Monorepo\Database\CymBuild_DB\Schema\Constraints\SCore.tvf_WorkflowStatusValidate.DF__tvf_Workf__Targe__771B8146.sql","","C:\Users\stephen.brett\source\CymBuild.Monorepo\Database\CymBuild_DB\Schema\Constraints\SCore.tvf_WorkflowStatusValidate.DF__tvf_Workf__Targe__771B8146.preflight.sql","System.Object[]","ConstraintCreate","True","False","8178317E84A8D7833A1E9851EE9DECA4177C96D4CA65C043F0D6421DB41DEEEA","System.String[]","DEFAULT","Source-controlled constraint SQL files were resolved."
"10943a6b-7d86-4cab-9e4f-df70d8731b61","Constraint","SCore","DF__tvf_Workf__Targe__780FA57F","tvf_WorkflowStatusValidate","MissingInTarget","FCFDE80E381BF5EDA60434BD53700953F254E3C7480743CF0584BFBF0C230524","","C:\Users\stephen.brett\source\CymBuild.Monorepo\Database\CymBuild_DB\Schema\Constraints\SCore.tvf_WorkflowStatusValidate.DF__tvf_Workf__Targe__780FA57F.sql","","C:\Users\stephen.brett\source\CymBuild.Monorepo\Database\CymBuild_DB\Schema\Constraints\SCore.tvf_WorkflowStatusValidate.DF__tvf_Workf__Targe__780FA57F.preflight.sql","System.Object[]","ConstraintCreate","True","False","85820182A65BBAC21CCA35F8163B626EE57B86D1186635DA5769BEFF2F7B9B2A","System.String[]","DEFAULT","Source-controlled constraint SQL files were resolved."
"1423cba9-3ca9-4f6c-8ff0-1e3599ce38cf","Constraint","SCore","DF__tvf_Workf__Targe__7DC87ED5","tvf_WorkflowTransitionValidate","MissingInTarget","DC8397CCE23522BDB38F8F2530FEE78870948E5374A9E2E496E8E953666845DC","","C:\Users\stephen.brett\source\CymBuild.Monorepo\Database\CymBuild_DB\Schema\Constraints\SCore.tvf_WorkflowTransitionValidate.DF__tvf_Workf__Targe__7DC87ED5.sql","","C:\Users\stephen.brett\source\CymBuild.Monorepo\Database\CymBuild_DB\Schema\Constraints\SCore.tvf_WorkflowTransitionValidate.DF__tvf_Workf__Targe__7DC87ED5.preflight.sql","System.Object[]","ConstraintCreate","True","False","8178317E84A8D7833A1E9851EE9DECA4177C96D4CA65C043F0D6421DB41DEEEA","System.String[]","DEFAULT","Source-controlled constraint SQL files were resolved."
"747e3535-d2a3-4edf-aaff-c0bb5bedd271","Constraint","SCore","DF__tvf_Workf__Targe__7EBCA30E","tvf_WorkflowTransitionValidate","MissingInTarget","FCFDE80E381BF5EDA60434BD53700953F254E3C7480743CF0584BFBF0C230524","","C:\Users\stephen.brett\source\CymBuild.Monorepo\Database\CymBuild_DB\Schema\Constraints\SCore.tvf_WorkflowTransitionValidate.DF__tvf_Workf__Targe__7EBCA30E.sql","","C:\Users\stephen.brett\source\CymBuild.Monorepo\Database\CymBuild_DB\Schema\Constraints\SCore.tvf_WorkflowTransitionValidate.DF__tvf_Workf__Targe__7EBCA30E.preflight.sql","System.Object[]","ConstraintCreate","True","False","85820182A65BBAC21CCA35F8163B626EE57B86D1186635DA5769BEFF2F7B9B2A","System.String[]","DEFAULT","Source-controlled constraint SQL files were resolved."
"66e9443c-e376-42fa-9cfc-f78ab79eeff0","Constraint","SCore","DF_EntityTypes_IsOnBoarding","EntityTypes","MissingInTarget","4494E53E4DA90AB183EBBFB907EA7251DC417161CAE0FCC5E1DD2B2A9366C3E2","","C:\Users\stephen.brett\source\CymBuild.Monorepo\Database\CymBuild_DB\Schema\Constraints\SCore.EntityTypes.DF_EntityTypes_IsOnBoarding.sql","","C:\Users\stephen.brett\source\CymBuild.Monorepo\Database\CymBuild_DB\Schema\Constraints\SCore.EntityTypes.DF_EntityTypes_IsOnBoarding.preflight.sql","System.Object[]","ConstraintCreate","True","False","B8523C675A6EE4DEB8D6DEFEB159C59BD0B4B77FDCB424D7CE99ED4C4B7C084C","System.String[]","DEFAULT","Source-controlled constraint SQL files were resolved."
"3e401705-7cd5-4a65-ac3a-3a77a9f2d715","Constraint","SFin","DF__Transacti__IsHid__37F5206A","TransactionsValidate","MissingInTarget","4C56535AC1DA0D677F77958CF60EA6DCEA4AB40DC473DA768AF95412767B9683","","C:\Users\stephen.brett\source\CymBuild.Monorepo\Database\CymBuild_DB\Schema\Constraints\SFin.TransactionsValidate.DF__Transacti__IsHid__37F5206A.sql","","C:\Users\stephen.brett\source\CymBuild.Monorepo\Database\CymBuild_DB\Schema\Constraints\SFin.TransactionsValidate.DF__Transacti__IsHid__37F5206A.preflight.sql","System.Object[]","ConstraintCreate","True","False","A8E3545B05890BC0060027C5A60F46F6EF6CD1AFFC6F6547D6CC7D5AF867B161","System.String[]","DEFAULT","Source-controlled constraint SQL files were resolved."
"1a78ab67-7308-4496-a822-4ec66453fe72","Constraint","SFin","DF__Transacti__IsHid__46433FC1","TransactionDetailsValidate","MissingInTarget","4C56535AC1DA0D677F77958CF60EA6DCEA4AB40DC473DA768AF95412767B9683","","C:\Users\stephen.brett\source\CymBuild.Monorepo\Database\CymBuild_DB\Schema\Constraints\SFin.TransactionDetailsValidate.DF__Transacti__IsHid__46433FC1.sql","","C:\Users\stephen.brett\source\CymBuild.Monorepo\Database\CymBuild_DB\Schema\Constraints\SFin.TransactionDetailsValidate.DF__Transacti__IsHid__46433FC1.preflight.sql","System.Object[]","ConstraintCreate","True","False","A8E3545B05890BC0060027C5A60F46F6EF6CD1AFFC6F6547D6CC7D5AF867B161","System.String[]","DEFAULT","Source-controlled constraint SQL files were resolved."
"9fe04893-c8f3-4f1e-b403-0b26c3df98dc","Constraint","SFin","DF__Transacti__IsInf__39DD68DC","TransactionsValidate","MissingInTarget","5CDDE45AB400547D17C1F511018C11F189CBCD8DED9C3CA918E4D96BBE1C14C9","","C:\Users\stephen.brett\source\CymBuild.Monorepo\Database\CymBuild_DB\Schema\Constraints\SFin.TransactionsValidate.DF__Transacti__IsInf__39DD68DC.sql","","C:\Users\stephen.brett\source\CymBuild.Monorepo\Database\CymBuild_DB\Schema\Constraints\SFin.TransactionsValidate.DF__Transacti__IsInf__39DD68DC.preflight.sql","System.Object[]","ConstraintCreate","True","False","DF261A1223EF9F09F76C7C41470BC5386F345801379AA9711813A997C7B9935C","System.String[]","DEFAULT","Source-controlled constraint SQL files were resolved."
"5d9783e9-d811-4f01-bb68-ffcf7b35f57a","Constraint","SFin","DF__Transacti__IsInf__482B8833","TransactionDetailsValidate","MissingInTarget","5CDDE45AB400547D17C1F511018C11F189CBCD8DED9C3CA918E4D96BBE1C14C9","","C:\Users\stephen.brett\source\CymBuild.Monorepo\Database\CymBuild_DB\Schema\Constraints\SFin.TransactionDetailsValidate.DF__Transacti__IsInf__482B8833.sql","","C:\Users\stephen.brett\source\CymBuild.Monorepo\Database\CymBuild_DB\Schema\Constraints\SFin.TransactionDetailsValidate.DF__Transacti__IsInf__482B8833.preflight.sql","System.Object[]","ConstraintCreate","True","False","DF261A1223EF9F09F76C7C41470BC5386F345801379AA9711813A997C7B9935C","System.String[]","DEFAULT","Source-controlled constraint SQL files were resolved."
"36e622d6-2342-4620-ba93-87528fb86f78","Constraint","SFin","DF__Transacti__IsInv__38E944A3","TransactionsValidate","MissingInTarget","47FFCB032EC9ABF53490116879B46A434AAB37E57A8BF0C7DDB54C1C9DD0DBC2","","C:\Users\stephen.brett\source\CymBuild.Monorepo\Database\CymBuild_DB\Schema\Constraints\SFin.TransactionsValidate.DF__Transacti__IsInv__38E944A3.sql","","C:\Users\stephen.brett\source\CymBuild.Monorepo\Database\CymBuild_DB\Schema\Constraints\SFin.TransactionsValidate.DF__Transacti__IsInv__38E944A3.preflight.sql","System.Object[]","ConstraintCreate","True","False","7EA15F0FB6F5909E0B1626355BABCEC26C1A846CB48AC9D086463E0FD3AEA5A4","System.String[]","DEFAULT","Source-controlled constraint SQL files were resolved."
"7a2315d9-f988-4d18-9360-220acb87db15","Constraint","SFin","DF__Transacti__IsInv__473763FA","TransactionDetailsValidate","MissingInTarget","47FFCB032EC9ABF53490116879B46A434AAB37E57A8BF0C7DDB54C1C9DD0DBC2","","C:\Users\stephen.brett\source\CymBuild.Monorepo\Database\CymBuild_DB\Schema\Constraints\SFin.TransactionDetailsValidate.DF__Transacti__IsInv__473763FA.sql","","C:\Users\stephen.brett\source\CymBuild.Monorepo\Database\CymBuild_DB\Schema\Constraints\SFin.TransactionDetailsValidate.DF__Transacti__IsInv__473763FA.preflight.sql","System.Object[]","ConstraintCreate","True","False","7EA15F0FB6F5909E0B1626355BABCEC26C1A846CB48AC9D086463E0FD3AEA5A4","System.String[]","DEFAULT","Source-controlled constraint SQL files were resolved."
"b593c5ea-7fde-48e0-bbe6-474855837f88","Constraint","SFin","DF__Transacti__IsRea__3700FC31","TransactionsValidate","MissingInTarget","913A4FFEC21A8C990E21FCA37CF72D5DDBA81B2AE629852DC83F441956B45D5A","","C:\Users\stephen.brett\source\CymBuild.Monorepo\Database\CymBuild_DB\Schema\Constraints\SFin.TransactionsValidate.DF__Transacti__IsRea__3700FC31.sql","","C:\Users\stephen.brett\source\CymBuild.Monorepo\Database\CymBuild_DB\Schema\Constraints\SFin.TransactionsValidate.DF__Transacti__IsRea__3700FC31.preflight.sql","System.Object[]","ConstraintCreate","True","False","33ACABD98491DC316BC9F0A7B14B310B3E725C7867DCC6A05C7329AC0ACD0614","System.String[]","DEFAULT","Source-controlled constraint SQL files were resolved."
"0d1a1b37-6d06-4326-89ba-ccf7d4c96d36","Constraint","SFin","DF__Transacti__IsRea__454F1B88","TransactionDetailsValidate","MissingInTarget","913A4FFEC21A8C990E21FCA37CF72D5DDBA81B2AE629852DC83F441956B45D5A","","C:\Users\stephen.brett\source\CymBuild.Monorepo\Database\CymBuild_DB\Schema\Constraints\SFin.TransactionDetailsValidate.DF__Transacti__IsRea__454F1B88.sql","","C:\Users\stephen.brett\source\CymBuild.Monorepo\Database\CymBuild_DB\Schema\Constraints\SFin.TransactionDetailsValidate.DF__Transacti__IsRea__454F1B88.preflight.sql","System.Object[]","ConstraintCreate","True","False","33ACABD98491DC316BC9F0A7B14B310B3E725C7867DCC6A05C7329AC0ACD0614","System.String[]","DEFAULT","Source-controlled constraint SQL files were resolved."
"3ca63366-04a2-4e85-8d0f-5ebd57d5d63f","Constraint","SFin","DF__Transacti__Messa__3AD18D15","TransactionsValidate","MissingInTarget","AE23361C700959395C0E8EAB5A839ABD85DF04F2246652F12AFC7A455D1AFFD5","","C:\Users\stephen.brett\source\CymBuild.Monorepo\Database\CymBuild_DB\Schema\Constraints\SFin.TransactionsValidate.DF__Transacti__Messa__3AD18D15.sql","","C:\Users\stephen.brett\source\CymBuild.Monorepo\Database\CymBuild_DB\Schema\Constraints\SFin.TransactionsValidate.DF__Transacti__Messa__3AD18D15.preflight.sql","System.Object[]","ConstraintCreate","True","False","78AE966C56D426F14E1F10959ECD319E7762C374EA902B8FA29FED6C70EEEC6F","System.String[]","DEFAULT","Source-controlled constraint SQL files were resolved."
"c46f80a2-e34d-4ac8-a846-2fae1046be2a","Constraint","SFin","DF__Transacti__Messa__491FAC6C","TransactionDetailsValidate","MissingInTarget","AE23361C700959395C0E8EAB5A839ABD85DF04F2246652F12AFC7A455D1AFFD5","","C:\Users\stephen.brett\source\CymBuild.Monorepo\Database\CymBuild_DB\Schema\Constraints\SFin.TransactionDetailsValidate.DF__Transacti__Messa__491FAC6C.sql","","C:\Users\stephen.brett\source\CymBuild.Monorepo\Database\CymBuild_DB\Schema\Constraints\SFin.TransactionDetailsValidate.DF__Transacti__Messa__491FAC6C.preflight.sql","System.Object[]","ConstraintCreate","True","False","78AE966C56D426F14E1F10959ECD319E7762C374EA902B8FA29FED6C70EEEC6F","System.String[]","DEFAULT","Source-controlled constraint SQL files were resolved."
"c364e49c-a825-4a7e-93e8-1cb148238796","Constraint","SFin","DF__Transacti__Targe__3518B3BF","TransactionsValidate","MissingInTarget","DC8397CCE23522BDB38F8F2530FEE78870948E5374A9E2E496E8E953666845DC","","C:\Users\stephen.brett\source\CymBuild.Monorepo\Database\CymBuild_DB\Schema\Constraints\SFin.TransactionsValidate.DF__Transacti__Targe__3518B3BF.sql","","C:\Users\stephen.brett\source\CymBuild.Monorepo\Database\CymBuild_DB\Schema\Constraints\SFin.TransactionsValidate.DF__Transacti__Targe__3518B3BF.preflight.sql","System.Object[]","ConstraintCreate","True","False","8178317E84A8D7833A1E9851EE9DECA4177C96D4CA65C043F0D6421DB41DEEEA","System.String[]","DEFAULT","Source-controlled constraint SQL files were resolved."
"cd91a841-b346-41e2-8181-67704148ea98","Constraint","SFin","DF__Transacti__Targe__360CD7F8","TransactionsValidate","MissingInTarget","FCFDE80E381BF5EDA60434BD53700953F254E3C7480743CF0584BFBF0C230524","","C:\Users\stephen.brett\source\CymBuild.Monorepo\Database\CymBuild_DB\Schema\Constraints\SFin.TransactionsValidate.DF__Transacti__Targe__360CD7F8.sql","","C:\Users\stephen.brett\source\CymBuild.Monorepo\Database\CymBuild_DB\Schema\Constraints\SFin.TransactionsValidate.DF__Transacti__Targe__360CD7F8.preflight.sql","System.Object[]","ConstraintCreate","True","False","85820182A65BBAC21CCA35F8163B626EE57B86D1186635DA5769BEFF2F7B9B2A","System.String[]","DEFAULT","Source-controlled constraint SQL files were resolved."
"c23f325f-c279-492e-b32b-fd59356594b8","Constraint","SFin","DF__Transacti__Targe__4366D316","TransactionDetailsValidate","MissingInTarget","DC8397CCE23522BDB38F8F2530FEE78870948E5374A9E2E496E8E953666845DC","","C:\Users\stephen.brett\source\CymBuild.Monorepo\Database\CymBuild_DB\Schema\Constraints\SFin.TransactionDetailsValidate.DF__Transacti__Targe__4366D316.sql","","C:\Users\stephen.brett\source\CymBuild.Monorepo\Database\CymBuild_DB\Schema\Constraints\SFin.TransactionDetailsValidate.DF__Transacti__Targe__4366D316.preflight.sql","System.Object[]","ConstraintCreate","True","False","8178317E84A8D7833A1E9851EE9DECA4177C96D4CA65C043F0D6421DB41DEEEA","System.String[]","DEFAULT","Source-controlled constraint SQL files were resolved."
"abd5ccd9-6a3e-4a9a-b22c-e37a33d9b13f","Constraint","SFin","DF__Transacti__Targe__445AF74F","TransactionDetailsValidate","MissingInTarget","FCFDE80E381BF5EDA60434BD53700953F254E3C7480743CF0584BFBF0C230524","","C:\Users\stephen.brett\source\CymBuild.Monorepo\Database\CymBuild_DB\Schema\Constraints\SFin.TransactionDetailsValidate.DF__Transacti__Targe__445AF74F.sql","","C:\Users\stephen.brett\source\CymBuild.Monorepo\Database\CymBuild_DB\Schema\Constraints\SFin.TransactionDetailsValidate.DF__Transacti__Targe__445AF74F.preflight.sql","System.Object[]","ConstraintCreate","True","False","85820182A65BBAC21CCA35F8163B626EE57B86D1186635DA5769BEFF2F7B9B2A","System.String[]","DEFAULT","Source-controlled constraint SQL files were resolved."
"d562abe1-8a23-4eb8-9c15-c18b93fdf6a5","Constraint","SFin","DF__tvf_Invoi__IsHid__031743D7","tvf_InvoiceScheduleMonthConfigurationValidate","MissingInTarget","4C56535AC1DA0D677F77958CF60EA6DCEA4AB40DC473DA768AF95412767B9683","","C:\Users\stephen.brett\source\CymBuild.Monorepo\Database\CymBuild_DB\Schema\Constraints\SFin.tvf_InvoiceScheduleMonthConfigurationValidate.DF__tvf_Invoi__IsHid__031743D7.sql","","C:\Users\stephen.brett\source\CymBuild.Monorepo\Database\CymBuild_DB\Schema\Constraints\SFin.tvf_InvoiceScheduleMonthConfigurationValidate.DF__tvf_Invoi__IsHid__031743D7.preflight.sql","System.Object[]","ConstraintCreate","True","False","A8E3545B05890BC0060027C5A60F46F6EF6CD1AFFC6F6547D6CC7D5AF867B161","System.String[]","DEFAULT","Source-controlled constraint SQL files were resolved."
"02128408-e7d3-4bf4-89a0-72e07eb51124","Constraint","SFin","DF__tvf_Invoi__IsInf__04FF8C49","tvf_InvoiceScheduleMonthConfigurationValidate","MissingInTarget","5CDDE45AB400547D17C1F511018C11F189CBCD8DED9C3CA918E4D96BBE1C14C9","","C:\Users\stephen.brett\source\CymBuild.Monorepo\Database\CymBuild_DB\Schema\Constraints\SFin.tvf_InvoiceScheduleMonthConfigurationValidate.DF__tvf_Invoi__IsInf__04FF8C49.sql","","C:\Users\stephen.brett\source\CymBuild.Monorepo\Database\CymBuild_DB\Schema\Constraints\SFin.tvf_InvoiceScheduleMonthConfigurationValidate.DF__tvf_Invoi__IsInf__04FF8C49.preflight.sql","System.Object[]","ConstraintCreate","True","False","DF261A1223EF9F09F76C7C41470BC5386F345801379AA9711813A997C7B9935C","System.String[]","DEFAULT","Source-controlled constraint SQL files were resolved."
"cc27dce3-70e5-4635-97e1-32519119444a","Constraint","SFin","DF__tvf_Invoi__IsInv__040B6810","tvf_InvoiceScheduleMonthConfigurationValidate","MissingInTarget","47FFCB032EC9ABF53490116879B46A434AAB37E57A8BF0C7DDB54C1C9DD0DBC2","","C:\Users\stephen.brett\source\CymBuild.Monorepo\Database\CymBuild_DB\Schema\Constraints\SFin.tvf_InvoiceScheduleMonthConfigurationValidate.DF__tvf_Invoi__IsInv__040B6810.sql","","C:\Users\stephen.brett\source\CymBuild.Monorepo\Database\CymBuild_DB\Schema\Constraints\SFin.tvf_InvoiceScheduleMonthConfigurationValidate.DF__tvf_Invoi__IsInv__040B6810.preflight.sql","System.Object[]","ConstraintCreate","True","False","7EA15F0FB6F5909E0B1626355BABCEC26C1A846CB48AC9D086463E0FD3AEA5A4","System.String[]","DEFAULT","Source-controlled constraint SQL files were resolved."
"7b9b3248-8865-47bf-a4fe-66525b0f9b00","Constraint","SFin","DF__tvf_Invoi__IsRea__02231F9E","tvf_InvoiceScheduleMonthConfigurationValidate","MissingInTarget","913A4FFEC21A8C990E21FCA37CF72D5DDBA81B2AE629852DC83F441956B45D5A","","C:\Users\stephen.brett\source\CymBuild.Monorepo\Database\CymBuild_DB\Schema\Constraints\SFin.tvf_InvoiceScheduleMonthConfigurationValidate.DF__tvf_Invoi__IsRea__02231F9E.sql","","C:\Users\stephen.brett\source\CymBuild.Monorepo\Database\CymBuild_DB\Schema\Constraints\SFin.tvf_InvoiceScheduleMonthConfigurationValidate.DF__tvf_Invoi__IsRea__02231F9E.preflight.sql","System.Object[]","ConstraintCreate","True","False","33ACABD98491DC316BC9F0A7B14B310B3E725C7867DCC6A05C7329AC0ACD0614","System.String[]","DEFAULT","Source-controlled constraint SQL files were resolved."
"e7fe50ac-557a-4649-a612-25dd28c6ecb2","Constraint","SFin","DF__tvf_Invoi__Messa__05F3B082","tvf_InvoiceScheduleMonthConfigurationValidate","MissingInTarget","AE23361C700959395C0E8EAB5A839ABD85DF04F2246652F12AFC7A455D1AFFD5","","C:\Users\stephen.brett\source\CymBuild.Monorepo\Database\CymBuild_DB\Schema\Constraints\SFin.tvf_InvoiceScheduleMonthConfigurationValidate.DF__tvf_Invoi__Messa__05F3B082.sql","","C:\Users\stephen.brett\source\CymBuild.Monorepo\Database\CymBuild_DB\Schema\Constraints\SFin.tvf_InvoiceScheduleMonthConfigurationValidate.DF__tvf_Invoi__Messa__05F3B082.preflight.sql","System.Object[]","ConstraintCreate","True","False","78AE966C56D426F14E1F10959ECD319E7762C374EA902B8FA29FED6C70EEEC6F","System.String[]","DEFAULT","Source-controlled constraint SQL files were resolved."
"0f9548c7-c86c-4f6d-b05f-dd2eaefaa6ab","Constraint","SFin","DF__tvf_Invoi__Targe__003AD72C","tvf_InvoiceScheduleMonthConfigurationValidate","MissingInTarget","DC8397CCE23522BDB38F8F2530FEE78870948E5374A9E2E496E8E953666845DC","","C:\Users\stephen.brett\source\CymBuild.Monorepo\Database\CymBuild_DB\Schema\Constraints\SFin.tvf_InvoiceScheduleMonthConfigurationValidate.DF__tvf_Invoi__Targe__003AD72C.sql","","C:\Users\stephen.brett\source\CymBuild.Monorepo\Database\CymBuild_DB\Schema\Constraints\SFin.tvf_InvoiceScheduleMonthConfigurationValidate.DF__tvf_Invoi__Targe__003AD72C.preflight.sql","System.Object[]","ConstraintCreate","True","False","8178317E84A8D7833A1E9851EE9DECA4177C96D4CA65C043F0D6421DB41DEEEA","System.String[]","DEFAULT","Source-controlled constraint SQL files were resolved."
"043f9f69-231c-415c-961f-fc3f6a6aa63c","Constraint","SFin","DF__tvf_Invoi__Targe__012EFB65","tvf_InvoiceScheduleMonthConfigurationValidate","MissingInTarget","FCFDE80E381BF5EDA60434BD53700953F254E3C7480743CF0584BFBF0C230524","","C:\Users\stephen.brett\source\CymBuild.Monorepo\Database\CymBuild_DB\Schema\Constraints\SFin.tvf_InvoiceScheduleMonthConfigurationValidate.DF__tvf_Invoi__Targe__012EFB65.sql","","C:\Users\stephen.brett\source\CymBuild.Monorepo\Database\CymBuild_DB\Schema\Constraints\SFin.tvf_InvoiceScheduleMonthConfigurationValidate.DF__tvf_Invoi__Targe__012EFB65.preflight.sql","System.Object[]","ConstraintCreate","True","False","85820182A65BBAC21CCA35F8163B626EE57B86D1186635DA5769BEFF2F7B9B2A","System.String[]","DEFAULT","Source-controlled constraint SQL files were resolved."
"187710c5-8a38-4de7-9c79-8e5eb6d2485f","Constraint","SJob","DF__RibaStage__IsHid__0B81A14F","RibaStagesValidate","MissingInTarget","4C56535AC1DA0D677F77958CF60EA6DCEA4AB40DC473DA768AF95412767B9683","","C:\Users\stephen.brett\source\CymBuild.Monorepo\Database\CymBuild_DB\Schema\Constraints\SJob.RibaStagesValidate.DF__RibaStage__IsHid__0B81A14F.sql","","C:\Users\stephen.brett\source\CymBuild.Monorepo\Database\CymBuild_DB\Schema\Constraints\SJob.RibaStagesValidate.DF__RibaStage__IsHid__0B81A14F.preflight.sql","System.Object[]","ConstraintCreate","True","False","A8E3545B05890BC0060027C5A60F46F6EF6CD1AFFC6F6547D6CC7D5AF867B161","System.String[]","DEFAULT","Source-controlled constraint SQL files were resolved."
"7ffbb901-d581-449e-8c40-8092a5a58048","Constraint","SJob","DF__RibaStage__IsInf__0D69E9C1","RibaStagesValidate","MissingInTarget","5CDDE45AB400547D17C1F511018C11F189CBCD8DED9C3CA918E4D96BBE1C14C9","","C:\Users\stephen.brett\source\CymBuild.Monorepo\Database\CymBuild_DB\Schema\Constraints\SJob.RibaStagesValidate.DF__RibaStage__IsInf__0D69E9C1.sql","","C:\Users\stephen.brett\source\CymBuild.Monorepo\Database\CymBuild_DB\Schema\Constraints\SJob.RibaStagesValidate.DF__RibaStage__IsInf__0D69E9C1.preflight.sql","System.Object[]","ConstraintCreate","True","False","DF261A1223EF9F09F76C7C41470BC5386F345801379AA9711813A997C7B9935C","System.String[]","DEFAULT","Source-controlled constraint SQL files were resolved."
"e6b5a4b4-8488-4272-ab56-1b15a8170bb3","Constraint","SJob","DF__RibaStage__IsInv__0C75C588","RibaStagesValidate","MissingInTarget","47FFCB032EC9ABF53490116879B46A434AAB37E57A8BF0C7DDB54C1C9DD0DBC2","","C:\Users\stephen.brett\source\CymBuild.Monorepo\Database\CymBuild_DB\Schema\Constraints\SJob.RibaStagesValidate.DF__RibaStage__IsInv__0C75C588.sql","","C:\Users\stephen.brett\source\CymBuild.Monorepo\Database\CymBuild_DB\Schema\Constraints\SJob.RibaStagesValidate.DF__RibaStage__IsInv__0C75C588.preflight.sql","System.Object[]","ConstraintCreate","True","False","7EA15F0FB6F5909E0B1626355BABCEC26C1A846CB48AC9D086463E0FD3AEA5A4","System.String[]","DEFAULT","Source-controlled constraint SQL files were resolved."
"cbea6663-d3b3-42a4-b7e1-b5481ebd44e9","Constraint","SJob","DF__RibaStage__IsRea__0A8D7D16","RibaStagesValidate","MissingInTarget","913A4FFEC21A8C990E21FCA37CF72D5DDBA81B2AE629852DC83F441956B45D5A","","C:\Users\stephen.brett\source\CymBuild.Monorepo\Database\CymBuild_DB\Schema\Constraints\SJob.RibaStagesValidate.DF__RibaStage__IsRea__0A8D7D16.sql","","C:\Users\stephen.brett\source\CymBuild.Monorepo\Database\CymBuild_DB\Schema\Constraints\SJob.RibaStagesValidate.DF__RibaStage__IsRea__0A8D7D16.preflight.sql","System.Object[]","ConstraintCreate","True","False","33ACABD98491DC316BC9F0A7B14B310B3E725C7867DCC6A05C7329AC0ACD0614","System.String[]","DEFAULT","Source-controlled constraint SQL files were resolved."
"b037928b-3443-4e4d-b211-3c2dd5d527d0","Constraint","SJob","DF__RibaStage__Messa__0E5E0DFA","RibaStagesValidate","MissingInTarget","AE23361C700959395C0E8EAB5A839ABD85DF04F2246652F12AFC7A455D1AFFD5","","C:\Users\stephen.brett\source\CymBuild.Monorepo\Database\CymBuild_DB\Schema\Constraints\SJob.RibaStagesValidate.DF__RibaStage__Messa__0E5E0DFA.sql","","C:\Users\stephen.brett\source\CymBuild.Monorepo\Database\CymBuild_DB\Schema\Constraints\SJob.RibaStagesValidate.DF__RibaStage__Messa__0E5E0DFA.preflight.sql","System.Object[]","ConstraintCreate","True","False","78AE966C56D426F14E1F10959ECD319E7762C374EA902B8FA29FED6C70EEEC6F","System.String[]","DEFAULT","Source-controlled constraint SQL files were resolved."
"89b8e9cd-9dab-45ee-afe8-368be1b99363","Constraint","SJob","DF__RibaStage__Targe__08A534A4","RibaStagesValidate","MissingInTarget","DC8397CCE23522BDB38F8F2530FEE78870948E5374A9E2E496E8E953666845DC","","C:\Users\stephen.brett\source\CymBuild.Monorepo\Database\CymBuild_DB\Schema\Constraints\SJob.RibaStagesValidate.DF__RibaStage__Targe__08A534A4.sql","","C:\Users\stephen.brett\source\CymBuild.Monorepo\Database\CymBuild_DB\Schema\Constraints\SJob.RibaStagesValidate.DF__RibaStage__Targe__08A534A4.preflight.sql","System.Object[]","ConstraintCreate","True","False","8178317E84A8D7833A1E9851EE9DECA4177C96D4CA65C043F0D6421DB41DEEEA","System.String[]","DEFAULT","Source-controlled constraint SQL files were resolved."
"3333d47a-9196-4910-94ac-2ce09ff6e15f","Constraint","SJob","DF__RibaStage__Targe__099958DD","RibaStagesValidate","MissingInTarget","FCFDE80E381BF5EDA60434BD53700953F254E3C7480743CF0584BFBF0C230524","","C:\Users\stephen.brett\source\CymBuild.Monorepo\Database\CymBuild_DB\Schema\Constraints\SJob.RibaStagesValidate.DF__RibaStage__Targe__099958DD.sql","","C:\Users\stephen.brett\source\CymBuild.Monorepo\Database\CymBuild_DB\Schema\Constraints\SJob.RibaStagesValidate.DF__RibaStage__Targe__099958DD.preflight.sql","System.Object[]","ConstraintCreate","True","False","85820182A65BBAC21CCA35F8163B626EE57B86D1186635DA5769BEFF2F7B9B2A","System.String[]","DEFAULT","Source-controlled constraint SQL files were resolved."
"51de092b-5cc4-40d6-a660-bddfa7667fee","Constraint","SJob","DF__tvf_JobsV__IsHid__04B4A82F","tvf_JobsValidate","MissingInTarget","4C56535AC1DA0D677F77958CF60EA6DCEA4AB40DC473DA768AF95412767B9683","","C:\Users\stephen.brett\source\CymBuild.Monorepo\Database\CymBuild_DB\Schema\Constraints\SJob.tvf_JobsValidate.DF__tvf_JobsV__IsHid__04B4A82F.sql","","C:\Users\stephen.brett\source\CymBuild.Monorepo\Database\CymBuild_DB\Schema\Constraints\SJob.tvf_JobsValidate.DF__tvf_JobsV__IsHid__04B4A82F.preflight.sql","System.Object[]","ConstraintCreate","True","False","A8E3545B05890BC0060027C5A60F46F6EF6CD1AFFC6F6547D6CC7D5AF867B161","System.String[]","DEFAULT","Source-controlled constraint SQL files were resolved."
"ab06a8b6-93a9-46ea-b9c9-10961d9e2da8","Constraint","SJob","DF__tvf_JobsV__IsInf__069CF0A1","tvf_JobsValidate","MissingInTarget","5CDDE45AB400547D17C1F511018C11F189CBCD8DED9C3CA918E4D96BBE1C14C9","","C:\Users\stephen.brett\source\CymBuild.Monorepo\Database\CymBuild_DB\Schema\Constraints\SJob.tvf_JobsValidate.DF__tvf_JobsV__IsInf__069CF0A1.sql","","C:\Users\stephen.brett\source\CymBuild.Monorepo\Database\CymBuild_DB\Schema\Constraints\SJob.tvf_JobsValidate.DF__tvf_JobsV__IsInf__069CF0A1.preflight.sql","System.Object[]","ConstraintCreate","True","False","DF261A1223EF9F09F76C7C41470BC5386F345801379AA9711813A997C7B9935C","System.String[]","DEFAULT","Source-controlled constraint SQL files were resolved."
"048b7537-a4d4-4472-adf4-ccefe8f96444","Constraint","SJob","DF__tvf_JobsV__IsInv__05A8CC68","tvf_JobsValidate","MissingInTarget","47FFCB032EC9ABF53490116879B46A434AAB37E57A8BF0C7DDB54C1C9DD0DBC2","","C:\Users\stephen.brett\source\CymBuild.Monorepo\Database\CymBuild_DB\Schema\Constraints\SJob.tvf_JobsValidate.DF__tvf_JobsV__IsInv__05A8CC68.sql","","C:\Users\stephen.brett\source\CymBuild.Monorepo\Database\CymBuild_DB\Schema\Constraints\SJob.tvf_JobsValidate.DF__tvf_JobsV__IsInv__05A8CC68.preflight.sql","System.Object[]","ConstraintCreate","True","False","7EA15F0FB6F5909E0B1626355BABCEC26C1A846CB48AC9D086463E0FD3AEA5A4","System.String[]","DEFAULT","Source-controlled constraint SQL files were resolved."
"2f31b344-b450-4680-8eab-5506727722b6","Constraint","SJob","DF__tvf_JobsV__IsRea__03C083F6","tvf_JobsValidate","MissingInTarget","913A4FFEC21A8C990E21FCA37CF72D5DDBA81B2AE629852DC83F441956B45D5A","","C:\Users\stephen.brett\source\CymBuild.Monorepo\Database\CymBuild_DB\Schema\Constraints\SJob.tvf_JobsValidate.DF__tvf_JobsV__IsRea__03C083F6.sql","","C:\Users\stephen.brett\source\CymBuild.Monorepo\Database\CymBuild_DB\Schema\Constraints\SJob.tvf_JobsValidate.DF__tvf_JobsV__IsRea__03C083F6.preflight.sql","System.Object[]","ConstraintCreate","True","False","33ACABD98491DC316BC9F0A7B14B310B3E725C7867DCC6A05C7329AC0ACD0614","System.String[]","DEFAULT","Source-controlled constraint SQL files were resolved."
"3ee70399-5414-4663-9f5d-2d3a367befdd","Constraint","SJob","DF__tvf_JobsV__Messa__079114DA","tvf_JobsValidate","MissingInTarget","AE23361C700959395C0E8EAB5A839ABD85DF04F2246652F12AFC7A455D1AFFD5","","C:\Users\stephen.brett\source\CymBuild.Monorepo\Database\CymBuild_DB\Schema\Constraints\SJob.tvf_JobsValidate.DF__tvf_JobsV__Messa__079114DA.sql","","C:\Users\stephen.brett\source\CymBuild.Monorepo\Database\CymBuild_DB\Schema\Constraints\SJob.tvf_JobsValidate.DF__tvf_JobsV__Messa__079114DA.preflight.sql","System.Object[]","ConstraintCreate","True","False","78AE966C56D426F14E1F10959ECD319E7762C374EA902B8FA29FED6C70EEEC6F","System.String[]","DEFAULT","Source-controlled constraint SQL files were resolved."
"2e3aabf4-0c2c-48b3-9ac4-c5d6cb96f223","Constraint","SJob","DF__tvf_JobsV__Targe__01D83B84","tvf_JobsValidate","MissingInTarget","DC8397CCE23522BDB38F8F2530FEE78870948E5374A9E2E496E8E953666845DC","","C:\Users\stephen.brett\source\CymBuild.Monorepo\Database\CymBuild_DB\Schema\Constraints\SJob.tvf_JobsValidate.DF__tvf_JobsV__Targe__01D83B84.sql","","C:\Users\stephen.brett\source\CymBuild.Monorepo\Database\CymBuild_DB\Schema\Constraints\SJob.tvf_JobsValidate.DF__tvf_JobsV__Targe__01D83B84.preflight.sql","System.Object[]","ConstraintCreate","True","False","8178317E84A8D7833A1E9851EE9DECA4177C96D4CA65C043F0D6421DB41DEEEA","System.String[]","DEFAULT","Source-controlled constraint SQL files were resolved."
"28edf018-87e8-40a7-bfdc-e524fdbc0c27","Constraint","SJob","DF__tvf_JobsV__Targe__02CC5FBD","tvf_JobsValidate","MissingInTarget","FCFDE80E381BF5EDA60434BD53700953F254E3C7480743CF0584BFBF0C230524","","C:\Users\stephen.brett\source\CymBuild.Monorepo\Database\CymBuild_DB\Schema\Constraints\SJob.tvf_JobsValidate.DF__tvf_JobsV__Targe__02CC5FBD.sql","","C:\Users\stephen.brett\source\CymBuild.Monorepo\Database\CymBuild_DB\Schema\Constraints\SJob.tvf_JobsValidate.DF__tvf_JobsV__Targe__02CC5FBD.preflight.sql","System.Object[]","ConstraintCreate","True","False","85820182A65BBAC21CCA35F8163B626EE57B86D1186635DA5769BEFF2F7B9B2A","System.String[]","DEFAULT","Source-controlled constraint SQL files were resolved."
"4aaf2bde-1e15-416a-b582-46c6bf03fa93","Constraint","SJob","DF_PurchaseOrders_InvoiceRequestId","PurchaseOrders","MissingInTarget","546A8AC233CDD5BC604E3E4E4A579DACEF34C4F0F38431603060EDD4B92535F0","","C:\Users\stephen.brett\source\CymBuild.Monorepo\Database\CymBuild_DB\Schema\Constraints\SJob.PurchaseOrders.DF_PurchaseOrders_InvoiceRequestId.sql","","C:\Users\stephen.brett\source\CymBuild.Monorepo\Database\CymBuild_DB\Schema\Constraints\SJob.PurchaseOrders.DF_PurchaseOrders_InvoiceRequestId.preflight.sql","System.Object[]","ConstraintCreate","True","False","D2AB172997691EB06684B2811C1FDA476AAE981035F6D15B84625C8481EF4275","System.String[]","DEFAULT","Source-controlled constraint SQL files were resolved."
"4e6d429d-02c3-4706-bba1-71d2762a2616","Constraint","SJob","DF_SubContractorInvoices_SubContractorId","SubContractorInvoices","MissingInTarget","8C358209B69CE22C7C0A6742A388A68ED49C1B344ECDE2FD5DFBE8EC29BB0910","","C:\Users\stephen.brett\source\CymBuild.Monorepo\Database\CymBuild_DB\Schema\Constraints\SJob.SubContractorInvoices.DF_SubContractorInvoices_SubContractorId.sql","","C:\Users\stephen.brett\source\CymBuild.Monorepo\Database\CymBuild_DB\Schema\Constraints\SJob.SubContractorInvoices.DF_SubContractorInvoices_SubContractorId.preflight.sql","System.Object[]","ConstraintCreate","True","False","8439B86679C732E49566BB7D3FFE712E1C8108C10971125B75913411C396BD89","System.String[]","DEFAULT","Source-controlled constraint SQL files were resolved."
"2016b87e-ea18-4e8a-8583-f0372a002447","Constraint","SJob","FK_PurchaseOrders_InvoiceRequestId","PurchaseOrders","MissingInTarget","0B81D03C303A1284F86F97B38B2359D7881BD867EC4DE03BF4AAE80A8D162E41","","","","","System.Object[]","","False","False","","System.Object[]","","Constraint definition property 'Columns' is required."
"d18d94dc-b8ee-4b59-b786-a7c871c70b74","Constraint","SJob","FK_SubContractorInvoices_SubContractorId","SubContractorInvoices","MissingInTarget","787F2E348C45E5E3F1868564C4676845BCA1C9D7AEB8C2B1E577C42530562F61","","","","","System.Object[]","","False","False","","System.Object[]","","Constraint definition property 'Columns' is required."
"7ee3fbf5-a7b4-4955-bd06-ba80d2824b9c","Constraint","SMigration","DF_Onboarding_EntityScope_CanDeselect","Onboarding_EntityScope","MissingInTarget","7C7A541E8CA131D68EC1A801240F49AA6C897AA77CEA88AD7AEBD33542E4A4CF","","C:\Users\stephen.brett\source\CymBuild.Monorepo\Database\CymBuild_DB\Schema\Constraints\SMigration.Onboarding_EntityScope.DF_Onboarding_EntityScope_CanDeselect.sql","","C:\Users\stephen.brett\source\CymBuild.Monorepo\Database\CymBuild_DB\Schema\Constraints\SMigration.Onboarding_EntityScope.DF_Onboarding_EntityScope_CanDeselect.preflight.sql","System.Object[]","ConstraintCreate","True","False","7C42CDB36BE73BA9CD48A862E5C2F9CF79E0D8C9F95B127F12DF37AAF14F2956","System.String[]","DEFAULT","Source-controlled constraint SQL files were resolved."
"46c7b62d-9631-4dc1-ab4a-b9afbd6ab00b","Constraint","SMigration","DF_Onboarding_EntityScope_Category","Onboarding_EntityScope","MissingInTarget","E16EB0077AACCA223A6F244F6EBE9913780406D66DD46D3A2FB44F9870B1C5A9","","C:\Users\stephen.brett\source\CymBuild.Monorepo\Database\CymBuild_DB\Schema\Constraints\SMigration.Onboarding_EntityScope.DF_Onboarding_EntityScope_Category.sql","","C:\Users\stephen.brett\source\CymBuild.Monorepo\Database\CymBuild_DB\Schema\Constraints\SMigration.Onboarding_EntityScope.DF_Onboarding_EntityScope_Category.preflight.sql","System.Object[]","ConstraintCreate","True","False","D087160F3FEE5E93955407C6793AD9B5B382A00D68A64FE508ADA9C37AC4DB55","System.String[]","DEFAULT","Source-controlled constraint SQL files were resolved."
"28c9ee8e-93c8-4385-b0b5-3b4acdd3fb14","Constraint","SMigration","DF_Onboarding_EntityScope_CreatedUtc","Onboarding_EntityScope","MissingInTarget","6DF79C842208A3DFCA30EFA638918424CAA80F303356AA8E57888159C8A36879","","C:\Users\stephen.brett\source\CymBuild.Monorepo\Database\CymBuild_DB\Schema\Constraints\SMigration.Onboarding_EntityScope.DF_Onboarding_EntityScope_CreatedUtc.sql","","C:\Users\stephen.brett\source\CymBuild.Monorepo\Database\CymBuild_DB\Schema\Constraints\SMigration.Onboarding_EntityScope.DF_Onboarding_EntityScope_CreatedUtc.preflight.sql","System.Object[]","ConstraintCreate","True","False","D534BE419B97D906524BFE56207C2AB04BE43A7C9E9FFA1021BA312716D9DE24","System.String[]","DEFAULT","Source-controlled constraint SQL files were resolved."
"f7752106-2d98-4fa4-a98e-b2626cfa6a57","Constraint","SMigration","DF_Onboarding_EntityScope_DefaultSelected","Onboarding_EntityScope","MissingInTarget","AAE7D1D1C19D56B04D9AB11FA83D79B69583321E90ECFF9173D1C26DA4F2FF30","","C:\Users\stephen.brett\source\CymBuild.Monorepo\Database\CymBuild_DB\Schema\Constraints\SMigration.Onboarding_EntityScope.DF_Onboarding_EntityScope_DefaultSelected.sql","","C:\Users\stephen.brett\source\CymBuild.Monorepo\Database\CymBuild_DB\Schema\Constraints\SMigration.Onboarding_EntityScope.DF_Onboarding_EntityScope_DefaultSelected.preflight.sql","System.Object[]","ConstraintCreate","True","False","9B08F1C0F82470BFB5B89A35C11F7103769BE37173CC8386E54D362AB88F9769","System.String[]","DEFAULT","Source-controlled constraint SQL files were resolved."
"cec3a428-2d5a-4c12-a9e5-8ecbdbdeb069","Constraint","SMigration","DF_Onboarding_EntityScope_Description","Onboarding_EntityScope","MissingInTarget","5F6419AF0529A4C92A497295F52B8F92EE1D765F7154F668072DA58AFB7969FA","","C:\Users\stephen.brett\source\CymBuild.Monorepo\Database\CymBuild_DB\Schema\Constraints\SMigration.Onboarding_EntityScope.DF_Onboarding_EntityScope_Description.sql","","C:\Users\stephen.brett\source\CymBuild.Monorepo\Database\CymBuild_DB\Schema\Constraints\SMigration.Onboarding_EntityScope.DF_Onboarding_EntityScope_Description.preflight.sql","System.Object[]","ConstraintCreate","True","False","35DCBEFA81D725AAC37A0DDDD9B0129DA600948BDA90C829BF74F135256EC181","System.String[]","DEFAULT","Source-controlled constraint SQL files were resolved."
"0cd79058-7d14-4e2a-b455-d6655e7a8916","Constraint","SMigration","DF_Onboarding_EntityScope_HandlerKey","Onboarding_EntityScope","MissingInTarget","D82E1860F78B4E9B3F4E800BC7498317CE97BC38ADBC11E2F0175DAD30061A48","","C:\Users\stephen.brett\source\CymBuild.Monorepo\Database\CymBuild_DB\Schema\Constraints\SMigration.Onboarding_EntityScope.DF_Onboarding_EntityScope_HandlerKey.sql","","C:\Users\stephen.brett\source\CymBuild.Monorepo\Database\CymBuild_DB\Schema\Constraints\SMigration.Onboarding_EntityScope.DF_Onboarding_EntityScope_HandlerKey.preflight.sql","System.Object[]","ConstraintCreate","True","False","1124B0FFE7D45A0AADCF28BDF7775F9A8EA69260432C943A0B2C146FBD9216F2","System.String[]","DEFAULT","Source-controlled constraint SQL files were resolved."
"66cabdb9-a5a0-43cf-ba14-fb61dde73bc1","Constraint","SMigration","DF_Onboarding_EntityScope_IsImplemented","Onboarding_EntityScope","MissingInTarget","994E694FC2427D82D154542E7113F7D9AE88735D7DD275ECC25F7D46410C31CE","","C:\Users\stephen.brett\source\CymBuild.Monorepo\Database\CymBuild_DB\Schema\Constraints\SMigration.Onboarding_EntityScope.DF_Onboarding_EntityScope_IsImplemented.sql","","C:\Users\stephen.brett\source\CymBuild.Monorepo\Database\CymBuild_DB\Schema\Constraints\SMigration.Onboarding_EntityScope.DF_Onboarding_EntityScope_IsImplemented.preflight.sql","System.Object[]","ConstraintCreate","True","False","36042D1B52796A641CE64FEBCF545FEE151630E08B6D8FE16FCD5A41CD1450B0","System.String[]","DEFAULT","Source-controlled constraint SQL files were resolved."
"ae616686-3fb0-454f-ad01-db3241e1248f","Constraint","SMigration","DF_Onboarding_EntityScope_IsRequired","Onboarding_EntityScope","MissingInTarget","DE3184820FD96731A29E6A0080FB416D89C2028A3B3953384C0D4945BE4EC67C","","C:\Users\stephen.brett\source\CymBuild.Monorepo\Database\CymBuild_DB\Schema\Constraints\SMigration.Onboarding_EntityScope.DF_Onboarding_EntityScope_IsRequired.sql","","C:\Users\stephen.brett\source\CymBuild.Monorepo\Database\CymBuild_DB\Schema\Constraints\SMigration.Onboarding_EntityScope.DF_Onboarding_EntityScope_IsRequired.preflight.sql","System.Object[]","ConstraintCreate","True","False","C03BE09E74EA5CB48DA1CCE7DDEEF59C13FA4F9AEBC26DC18DA15878AF6F27D8","System.String[]","DEFAULT","Source-controlled constraint SQL files were resolved."
"737c3308-12bf-4aa0-8689-ea29ca0bd700","Constraint","SMigration","DF_Onboarding_EntityScope_IsSupportData","Onboarding_EntityScope","MissingInTarget","62AFDD825A0A39DED40EE368A75C24E6E446F750EF5A43476F71752F04D600C6","","C:\Users\stephen.brett\source\CymBuild.Monorepo\Database\CymBuild_DB\Schema\Constraints\SMigration.Onboarding_EntityScope.DF_Onboarding_EntityScope_IsSupportData.sql","","C:\Users\stephen.brett\source\CymBuild.Monorepo\Database\CymBuild_DB\Schema\Constraints\SMigration.Onboarding_EntityScope.DF_Onboarding_EntityScope_IsSupportData.preflight.sql","System.Object[]","ConstraintCreate","True","False","9C1359684D0066AFA02BC24EA5C4F447D1C389CC74B99A62B7E18C6668910369","System.String[]","DEFAULT","Source-controlled constraint SQL files were resolved."
"f9515931-6687-4c6a-820e-e11a5530d854","Constraint","SMigration","DF_Onboarding_EntityScope_RequiredDependencyCodes","Onboarding_EntityScope","MissingInTarget","44D5A7CCCB3796DD0E73F73DDEE3E4B13D86CEAFDDB4FC5EF567AB682A09D60E","","C:\Users\stephen.brett\source\CymBuild.Monorepo\Database\CymBuild_DB\Schema\Constraints\SMigration.Onboarding_EntityScope.DF_Onboarding_EntityScope_RequiredDependencyCodes.sql","","C:\Users\stephen.brett\source\CymBuild.Monorepo\Database\CymBuild_DB\Schema\Constraints\SMigration.Onboarding_EntityScope.DF_Onboarding_EntityScope_RequiredDependencyCodes.preflight.sql","System.Object[]","ConstraintCreate","True","False","91E6DC0999E5CCDE5B891771680B59FB17229E8C7E7F961B8D2367A28ADA0037","System.String[]","DEFAULT","Source-controlled constraint SQL files were resolved."
"549b0556-75d0-4ef3-9be5-4e4b71b9f6cf","Constraint","SMigration","DF_Onboarding_EntityScope_RowStatus","Onboarding_EntityScope","MissingInTarget","179EC468775418BFFE08995BC870FBAD0884ABA5ADDF60FAB809544EDA9C4CC2","","C:\Users\stephen.brett\source\CymBuild.Monorepo\Database\CymBuild_DB\Schema\Constraints\SMigration.Onboarding_EntityScope.DF_Onboarding_EntityScope_RowStatus.sql","","C:\Users\stephen.brett\source\CymBuild.Monorepo\Database\CymBuild_DB\Schema\Constraints\SMigration.Onboarding_EntityScope.DF_Onboarding_EntityScope_RowStatus.preflight.sql","System.Object[]","ConstraintCreate","True","False","013BEECC4969D829CD2713308EF46A69BEF48CBA0656B1A5F8DF0656BDAA4211","System.String[]","DEFAULT","Source-controlled constraint SQL files were resolved."
"3b307a09-6b13-4a13-bc13-91ee9ab816f1","Constraint","SMigration","DF_Onboarding_EntityScope_ScopeType","Onboarding_EntityScope","MissingInTarget","3137D35387CB6DF64E5FBD9E781EED171B19DAAEA2DD34E12A5379F9679B6236","","C:\Users\stephen.brett\source\CymBuild.Monorepo\Database\CymBuild_DB\Schema\Constraints\SMigration.Onboarding_EntityScope.DF_Onboarding_EntityScope_ScopeType.sql","","C:\Users\stephen.brett\source\CymBuild.Monorepo\Database\CymBuild_DB\Schema\Constraints\SMigration.Onboarding_EntityScope.DF_Onboarding_EntityScope_ScopeType.preflight.sql","System.Object[]","ConstraintCreate","True","False","C300D75A17C7F229290C989A4BF176C12001D64E6668FED2770DC06789C998E7","System.String[]","DEFAULT","Source-controlled constraint SQL files were resolved."
"e7ed421c-fe84-4af7-b42c-695cb3d8fc33","Constraint","SMigration","DF_Onboarding_EntityScope_SourceSchemaName","Onboarding_EntityScope","MissingInTarget","D87E4321CEBB9412952C26BCD7929E90DBB5EED08D5862BDE19B6EADCACDCADD","","C:\Users\stephen.brett\source\CymBuild.Monorepo\Database\CymBuild_DB\Schema\Constraints\SMigration.Onboarding_EntityScope.DF_Onboarding_EntityScope_SourceSchemaName.sql","","C:\Users\stephen.brett\source\CymBuild.Monorepo\Database\CymBuild_DB\Schema\Constraints\SMigration.Onboarding_EntityScope.DF_Onboarding_EntityScope_SourceSchemaName.preflight.sql","System.Object[]","ConstraintCreate","True","False","16B028B0272B51B95FFE7B0ABFD19AB2C7F3E7ED19BEBB5708D0F7D5CE886B22","System.String[]","DEFAULT","Source-controlled constraint SQL files were resolved."
"7d8718d3-2030-47b1-9104-1fa5fbee3ece","Constraint","SMigration","DF_Onboarding_EntityScope_SourceTableName","Onboarding_EntityScope","MissingInTarget","23E8566587F7845F5C1CB930DA8047C152C4577F67DE00BDCECD8DEBF86E680A","","C:\Users\stephen.brett\source\CymBuild.Monorepo\Database\CymBuild_DB\Schema\Constraints\SMigration.Onboarding_EntityScope.DF_Onboarding_EntityScope_SourceTableName.sql","","C:\Users\stephen.brett\source\CymBuild.Monorepo\Database\CymBuild_DB\Schema\Constraints\SMigration.Onboarding_EntityScope.DF_Onboarding_EntityScope_SourceTableName.preflight.sql","System.Object[]","ConstraintCreate","True","False","3E74058DA34823F162FF87448BC2DDFC65A0511F14F82589B81093F973FA61A3","System.String[]","DEFAULT","Source-controlled constraint SQL files were resolved."
"3143a5d0-fcb0-47d0-8320-602aa01c5c3d","Constraint","SMigration","DF_Onboarding_EntityScope_UpdatedUtc","Onboarding_EntityScope","MissingInTarget","FC24DA5D00D384A64755CCFC7D8A2EA720DFC80AB6761697A51164B0DFBCCC23","","C:\Users\stephen.brett\source\CymBuild.Monorepo\Database\CymBuild_DB\Schema\Constraints\SMigration.Onboarding_EntityScope.DF_Onboarding_EntityScope_UpdatedUtc.sql","","C:\Users\stephen.brett\source\CymBuild.Monorepo\Database\CymBuild_DB\Schema\Constraints\SMigration.Onboarding_EntityScope.DF_Onboarding_EntityScope_UpdatedUtc.preflight.sql","System.Object[]","ConstraintCreate","True","False","528CC8C847484311553A9E8C691A2F07BD5282EB969C22F1B52264C6E2C0F059","System.String[]","DEFAULT","Source-controlled constraint SQL files were resolved."
"7d6a2761-62ad-406a-adce-e55e98fbfc32","Constraint","SMigration","DF_Onboarding_RunEntitySelections_IsSelected","Onboarding_RunEntitySelections","MissingInTarget","C675ACD5F298A750F544B3A05DED0A5599990972F64ACA31AD8C613D05B884C2","","C:\Users\stephen.brett\source\CymBuild.Monorepo\Database\CymBuild_DB\Schema\Constraints\SMigration.Onboarding_RunEntitySelections.DF_Onboarding_RunEntitySelections_IsSelected.sql","","C:\Users\stephen.brett\source\CymBuild.Monorepo\Database\CymBuild_DB\Schema\Constraints\SMigration.Onboarding_RunEntitySelections.DF_Onboarding_RunEntitySelections_IsSelected.preflight.sql","System.Object[]","ConstraintCreate","True","False","3CF00C3BA08C60B4BE6E0A4D880D10AE34F89067006D4933FB543BF82C66135F","System.String[]","DEFAULT","Source-controlled constraint SQL files were resolved."
"401c5443-208e-4b48-a1b6-9ab3f18dedb7","Constraint","SMigration","DF_Onboarding_RunEntitySelections_RowStatus","Onboarding_RunEntitySelections","MissingInTarget","179EC468775418BFFE08995BC870FBAD0884ABA5ADDF60FAB809544EDA9C4CC2","","C:\Users\stephen.brett\source\CymBuild.Monorepo\Database\CymBuild_DB\Schema\Constraints\SMigration.Onboarding_RunEntitySelections.DF_Onboarding_RunEntitySelections_RowStatus.sql","","C:\Users\stephen.brett\source\CymBuild.Monorepo\Database\CymBuild_DB\Schema\Constraints\SMigration.Onboarding_RunEntitySelections.DF_Onboarding_RunEntitySelections_RowStatus.preflight.sql","System.Object[]","ConstraintCreate","True","False","013BEECC4969D829CD2713308EF46A69BEF48CBA0656B1A5F8DF0656BDAA4211","System.String[]","DEFAULT","Source-controlled constraint SQL files were resolved."
"3060c86d-e703-487f-b5c3-50d8122fed32","Constraint","SMigration","DF_Onboarding_RunEntitySelections_SelectedByUserId","Onboarding_RunEntitySelections","MissingInTarget","BFF6782EADD071D16642556B69A1068378F52BB0319F42F2C5ABAB468B17240C","","C:\Users\stephen.brett\source\CymBuild.Monorepo\Database\CymBuild_DB\Schema\Constraints\SMigration.Onboarding_RunEntitySelections.DF_Onboarding_RunEntitySelections_SelectedByUserId.sql","","C:\Users\stephen.brett\source\CymBuild.Monorepo\Database\CymBuild_DB\Schema\Constraints\SMigration.Onboarding_RunEntitySelections.DF_Onboarding_RunEntitySelections_SelectedByUserId.preflight.sql","System.Object[]","ConstraintCreate","True","False","B30D31365ABA6482E567E657D89FBEB48EA30CFEE3CC0076799627CA4FB6A778","System.String[]","DEFAULT","Source-controlled constraint SQL files were resolved."
"2b152c8a-abb1-4b28-a8ab-1750eda5788b","Constraint","SMigration","DF_Onboarding_RunEntitySelections_SelectedOnUtc","Onboarding_RunEntitySelections","MissingInTarget","57300E4A657D4F033803E13BD7513483DD2AD0477853E679542E709472E81CF4","","C:\Users\stephen.brett\source\CymBuild.Monorepo\Database\CymBuild_DB\Schema\Constraints\SMigration.Onboarding_RunEntitySelections.DF_Onboarding_RunEntitySelections_SelectedOnUtc.sql","","C:\Users\stephen.brett\source\CymBuild.Monorepo\Database\CymBuild_DB\Schema\Constraints\SMigration.Onboarding_RunEntitySelections.DF_Onboarding_RunEntitySelections_SelectedOnUtc.preflight.sql","System.Object[]","ConstraintCreate","True","False","78B3182098E6BE29E71D212623DD9030A1AAE8AFC3CAF78D9628CC8F30A40D8F","System.String[]","DEFAULT","Source-controlled constraint SQL files were resolved."
"5403c3cd-1c9c-4219-84b0-fc9e30f466b3","Constraint","SMigration","DF_Onboarding_RunEntitySelections_SelectionSource","Onboarding_RunEntitySelections","MissingInTarget","4E29BE0C37C65FC9C92D805262351682D9AE0A61A6B6F7183E9E713864E4CD89","","C:\Users\stephen.brett\source\CymBuild.Monorepo\Database\CymBuild_DB\Schema\Constraints\SMigration.Onboarding_RunEntitySelections.DF_Onboarding_RunEntitySelections_SelectionSource.sql","","C:\Users\stephen.brett\source\CymBuild.Monorepo\Database\CymBuild_DB\Schema\Constraints\SMigration.Onboarding_RunEntitySelections.DF_Onboarding_RunEntitySelections_SelectionSource.preflight.sql","System.Object[]","ConstraintCreate","True","False","4E288F87A052835FFAC9258220F581F2AA55822B937E55A894BECD77BEAB06FF","System.String[]","DEFAULT","Source-controlled constraint SQL files were resolved."
"1494260f-1647-4dbd-9c33-3d153481d572","Constraint","SMigration","DF_SMigration_Onboarding_Run_RowStatus","Onboarding_Run","MissingInTarget","179EC468775418BFFE08995BC870FBAD0884ABA5ADDF60FAB809544EDA9C4CC2","","C:\Users\stephen.brett\source\CymBuild.Monorepo\Database\CymBuild_DB\Schema\Constraints\SMigration.Onboarding_Run.DF_SMigration_Onboarding_Run_RowStatus.sql","","C:\Users\stephen.brett\source\CymBuild.Monorepo\Database\CymBuild_DB\Schema\Constraints\SMigration.Onboarding_Run.DF_SMigration_Onboarding_Run_RowStatus.preflight.sql","System.Object[]","ConstraintCreate","True","False","013BEECC4969D829CD2713308EF46A69BEF48CBA0656B1A5F8DF0656BDAA4211","System.String[]","DEFAULT","Source-controlled constraint SQL files were resolved."
"6785d86e-a6ec-4821-902a-9f0d4ea27e34","Constraint","SMigration","DF_SMigration_Onboarding_Run_SourceServerName","Onboarding_Run","MissingInTarget","4DF550A341178C0215DD4A993D315B41D96254A26CF5FA575A37CC8EA1A4B5F5","","C:\Users\stephen.brett\source\CymBuild.Monorepo\Database\CymBuild_DB\Schema\Constraints\SMigration.Onboarding_Run.DF_SMigration_Onboarding_Run_SourceServerName.sql","","C:\Users\stephen.brett\source\CymBuild.Monorepo\Database\CymBuild_DB\Schema\Constraints\SMigration.Onboarding_Run.DF_SMigration_Onboarding_Run_SourceServerName.preflight.sql","System.Object[]","ConstraintCreate","True","False","3E6DC16407D6B7B8080D86131D88284D9ED6898D395DF415B05FA256BDD43A8B","System.String[]","DEFAULT","Source-controlled constraint SQL files were resolved."
"fe059b46-eaa0-4799-98a9-9eee0502487b","Constraint","SMigration","DF_SMigration_Onboarding_Run_TargetDatabaseName","Onboarding_Run","MissingInTarget","F3458121F24C2D3574BB8FB03528F1D97D2378FFF40926EB010631A723D9554D","","C:\Users\stephen.brett\source\CymBuild.Monorepo\Database\CymBuild_DB\Schema\Constraints\SMigration.Onboarding_Run.DF_SMigration_Onboarding_Run_TargetDatabaseName.sql","","C:\Users\stephen.brett\source\CymBuild.Monorepo\Database\CymBuild_DB\Schema\Constraints\SMigration.Onboarding_Run.DF_SMigration_Onboarding_Run_TargetDatabaseName.preflight.sql","System.Object[]","ConstraintCreate","True","False","C6207686E7BCC267B8DF36E65D4A2843FE4AD66E70364639E2771EA4DB082918","System.String[]","DEFAULT","Source-controlled constraint SQL files were resolved."
"d8e2f10e-3c36-465f-bd03-5f97f3f9805a","Constraint","SMigration","DF_SMigration_Onboarding_Run_TargetServerName","Onboarding_Run","MissingInTarget","52121FE83C2E2AB91072BBFE53139B42A7A58C6BB0275B53A0566ABADD5C71AC","","C:\Users\stephen.brett\source\CymBuild.Monorepo\Database\CymBuild_DB\Schema\Constraints\SMigration.Onboarding_Run.DF_SMigration_Onboarding_Run_TargetServerName.sql","","C:\Users\stephen.brett\source\CymBuild.Monorepo\Database\CymBuild_DB\Schema\Constraints\SMigration.Onboarding_Run.DF_SMigration_Onboarding_Run_TargetServerName.preflight.sql","System.Object[]","ConstraintCreate","True","False","272B97A3563DBA2AF5E920B17809B884B96A1151BB91AE7C670F32E871845279","System.String[]","DEFAULT","Source-controlled constraint SQL files were resolved."
"f376522f-e015-4e3e-9754-dec2e2a768e5","Constraint","SMigration","PK_Onboarding_EntityScope","Onboarding_EntityScope","MissingInTarget","723B0D7FD2EB5372463E02C380A8C0D9C8A223D9779F6960D8A4B90E407B63C1","","","","","System.Object[]","","False","False","","System.Object[]","","Constraint definition property 'Columns' is required."
"103a54bc-bfbe-4cdb-8a43-543cf00aa023","Constraint","SMigration","PK_Onboarding_RunEntitySelections","Onboarding_RunEntitySelections","MissingInTarget","723B0D7FD2EB5372463E02C380A8C0D9C8A223D9779F6960D8A4B90E407B63C1","","","","","System.Object[]","","False","False","","System.Object[]","","Constraint definition property 'Columns' is required."
"4c87f419-c5ad-4b25-bc23-b9ad28eec013","Constraint","SMigration","PK_SMigration_Onboarding_RunStageSelections","Onboarding_RunStageSelections","MissingInTarget","DDDDC68E0CC9A5CE84D3CAD7618B22DEEDE47D59C278BB487A07D3D7373353EB","","","","","System.Object[]","","False","False","","System.Object[]","","Constraint definition property 'Columns' is required."
"5d55cfe0-21a1-4710-b3c8-3d9c5a81c285","Constraint","SMigration","PK_SMigration_Onboarding_WorkflowStatuses","Onboarding_WorkflowStatuses","MissingInTarget","863C2122BF516565EE4B40A90A7553FF2E859D3AF1DA70BECC1E6BFCFB091177","","C:\Users\stephen.brett\source\CymBuild.Monorepo\Database\CymBuild_DB\Schema\Constraints\SMigration.Onboarding_WorkflowStatuses.PK_SMigration_Onboarding_WorkflowStatuses.sql","","C:\Users\stephen.brett\source\CymBuild.Monorepo\Database\CymBuild_DB\Schema\Constraints\SMigration.Onboarding_WorkflowStatuses.PK_SMigration_Onboarding_WorkflowStatuses.preflight.sql","System.Object[]","ConstraintCreate","True","False","65CB0BFCF53D33397170B7322937D5D076BBE0DD2674FEB4A74D458FC06DCFE4","System.String[]","PRIMARY_KEY","Source-controlled constraint SQL files were resolved."
"26880055-d9f1-4f25-b52f-b15707d36c04","Constraint","SMigration","UQ_Onboarding_EntityScope_Code","Onboarding_EntityScope","MissingInTarget","A5804CFB6E07F4993B906C0D939488E8D3D409FADB2766A2F6D58F335FC5429A","","","","","System.Object[]","","False","False","","System.Object[]","","Constraint definition property 'Columns' is required."
"2278a9fb-2d84-4547-8e21-bdec5f299e0e","Constraint","SMigration","UQ_Onboarding_EntityScope_Guid","Onboarding_EntityScope","MissingInTarget","563C62E07C86407F76D16942B582776443CBE1A366545E3C5C76D054FDF322A2","","","","","System.Object[]","","False","False","","System.Object[]","","Constraint definition property 'Columns' is required."
"a2804295-3c7a-42e5-bd1a-2e6c12743b99","Constraint","SMigration","UQ_Onboarding_RunEntitySelections_Guid","Onboarding_RunEntitySelections","MissingInTarget","563C62E07C86407F76D16942B582776443CBE1A366545E3C5C76D054FDF322A2","","","","","System.Object[]","","False","False","","System.Object[]","","Constraint definition property 'Columns' is required."
"11a53c02-5cb7-4358-959e-588337676e39","Constraint","SMigration","UQ_Onboarding_RunEntitySelections_Run_Entity","Onboarding_RunEntitySelections","MissingInTarget","6200913A4B5F82A2D6C8CEAC7A8ED1094C0B712C3BD5545094FD3FE2AE773373","","C:\Users\stephen.brett\source\CymBuild.Monorepo\Database\CymBuild_DB\Schema\Constraints\SMigration.Onboarding_RunEntitySelections.UQ_Onboarding_RunEntitySelections_Run_Entity.sql","","C:\Users\stephen.brett\source\CymBuild.Monorepo\Database\CymBuild_DB\Schema\Constraints\SMigration.Onboarding_RunEntitySelections.UQ_Onboarding_RunEntitySelections_Run_Entity.preflight.sql","System.Object[]","ConstraintCreate","True","False","C9376316F7D26EC3DC60724883CBC0D87743E6FAEC9ED861A3E948B544D44419","System.String[]","UNIQUE","Source-controlled constraint SQL files were resolved."
"5b4474ea-3e0d-45ad-8947-c4abbadf1578","Constraint","SSop","DF__tvf_Enqui__IsHid__5CF19AEF","tvf_EnquiriesValidate","MissingInTarget","4C56535AC1DA0D677F77958CF60EA6DCEA4AB40DC473DA768AF95412767B9683","","C:\Users\stephen.brett\source\CymBuild.Monorepo\Database\CymBuild_DB\Schema\Constraints\SSop.tvf_EnquiriesValidate.DF__tvf_Enqui__IsHid__5CF19AEF.sql","","C:\Users\stephen.brett\source\CymBuild.Monorepo\Database\CymBuild_DB\Schema\Constraints\SSop.tvf_EnquiriesValidate.DF__tvf_Enqui__IsHid__5CF19AEF.preflight.sql","System.Object[]","ConstraintCreate","True","False","A8E3545B05890BC0060027C5A60F46F6EF6CD1AFFC6F6547D6CC7D5AF867B161","System.String[]","DEFAULT","Source-controlled constraint SQL files were resolved."
"868a1abd-9376-4bf1-a4fd-f61d62d66dc8","Constraint","SSop","DF__tvf_Enqui__IsInf__5ED9E361","tvf_EnquiriesValidate","MissingInTarget","5CDDE45AB400547D17C1F511018C11F189CBCD8DED9C3CA918E4D96BBE1C14C9","","C:\Users\stephen.brett\source\CymBuild.Monorepo\Database\CymBuild_DB\Schema\Constraints\SSop.tvf_EnquiriesValidate.DF__tvf_Enqui__IsInf__5ED9E361.sql","","C:\Users\stephen.brett\source\CymBuild.Monorepo\Database\CymBuild_DB\Schema\Constraints\SSop.tvf_EnquiriesValidate.DF__tvf_Enqui__IsInf__5ED9E361.preflight.sql","System.Object[]","ConstraintCreate","True","False","DF261A1223EF9F09F76C7C41470BC5386F345801379AA9711813A997C7B9935C","System.String[]","DEFAULT","Source-controlled constraint SQL files were resolved."
"4e77958e-2c88-4e21-8e76-8edf5d0bd1e4","Constraint","SSop","DF__tvf_Enqui__IsInv__5DE5BF28","tvf_EnquiriesValidate","MissingInTarget","47FFCB032EC9ABF53490116879B46A434AAB37E57A8BF0C7DDB54C1C9DD0DBC2","","C:\Users\stephen.brett\source\CymBuild.Monorepo\Database\CymBuild_DB\Schema\Constraints\SSop.tvf_EnquiriesValidate.DF__tvf_Enqui__IsInv__5DE5BF28.sql","","C:\Users\stephen.brett\source\CymBuild.Monorepo\Database\CymBuild_DB\Schema\Constraints\SSop.tvf_EnquiriesValidate.DF__tvf_Enqui__IsInv__5DE5BF28.preflight.sql","System.Object[]","ConstraintCreate","True","False","7EA15F0FB6F5909E0B1626355BABCEC26C1A846CB48AC9D086463E0FD3AEA5A4","System.String[]","DEFAULT","Source-controlled constraint SQL files were resolved."
"cce124a5-08e2-4549-862a-961565713f6f","Constraint","SSop","DF__tvf_Enqui__IsRea__5BFD76B6","tvf_EnquiriesValidate","MissingInTarget","913A4FFEC21A8C990E21FCA37CF72D5DDBA81B2AE629852DC83F441956B45D5A","","C:\Users\stephen.brett\source\CymBuild.Monorepo\Database\CymBuild_DB\Schema\Constraints\SSop.tvf_EnquiriesValidate.DF__tvf_Enqui__IsRea__5BFD76B6.sql","","C:\Users\stephen.brett\source\CymBuild.Monorepo\Database\CymBuild_DB\Schema\Constraints\SSop.tvf_EnquiriesValidate.DF__tvf_Enqui__IsRea__5BFD76B6.preflight.sql","System.Object[]","ConstraintCreate","True","False","33ACABD98491DC316BC9F0A7B14B310B3E725C7867DCC6A05C7329AC0ACD0614","System.String[]","DEFAULT","Source-controlled constraint SQL files were resolved."
"116d403b-71d4-4278-a4b1-ad81b76aaaaa","Constraint","SSop","DF__tvf_Enqui__Messa__5FCE079A","tvf_EnquiriesValidate","MissingInTarget","AE23361C700959395C0E8EAB5A839ABD85DF04F2246652F12AFC7A455D1AFFD5","","C:\Users\stephen.brett\source\CymBuild.Monorepo\Database\CymBuild_DB\Schema\Constraints\SSop.tvf_EnquiriesValidate.DF__tvf_Enqui__Messa__5FCE079A.sql","","C:\Users\stephen.brett\source\CymBuild.Monorepo\Database\CymBuild_DB\Schema\Constraints\SSop.tvf_EnquiriesValidate.DF__tvf_Enqui__Messa__5FCE079A.preflight.sql","System.Object[]","ConstraintCreate","True","False","78AE966C56D426F14E1F10959ECD319E7762C374EA902B8FA29FED6C70EEEC6F","System.String[]","DEFAULT","Source-controlled constraint SQL files were resolved."
"6497148e-bb8c-4a3c-bc62-b0f9bfb669c9","Constraint","SSop","DF__tvf_Enqui__Targe__5A152E44","tvf_EnquiriesValidate","MissingInTarget","DC8397CCE23522BDB38F8F2530FEE78870948E5374A9E2E496E8E953666845DC","","C:\Users\stephen.brett\source\CymBuild.Monorepo\Database\CymBuild_DB\Schema\Constraints\SSop.tvf_EnquiriesValidate.DF__tvf_Enqui__Targe__5A152E44.sql","","C:\Users\stephen.brett\source\CymBuild.Monorepo\Database\CymBuild_DB\Schema\Constraints\SSop.tvf_EnquiriesValidate.DF__tvf_Enqui__Targe__5A152E44.preflight.sql","System.Object[]","ConstraintCreate","True","False","8178317E84A8D7833A1E9851EE9DECA4177C96D4CA65C043F0D6421DB41DEEEA","System.String[]","DEFAULT","Source-controlled constraint SQL files were resolved."
"d1b6197a-5496-47b5-95ea-29c5eb63a827","Constraint","SSop","DF__tvf_Enqui__Targe__5B09527D","tvf_EnquiriesValidate","MissingInTarget","FCFDE80E381BF5EDA60434BD53700953F254E3C7480743CF0584BFBF0C230524","","C:\Users\stephen.brett\source\CymBuild.Monorepo\Database\CymBuild_DB\Schema\Constraints\SSop.tvf_EnquiriesValidate.DF__tvf_Enqui__Targe__5B09527D.sql","","C:\Users\stephen.brett\source\CymBuild.Monorepo\Database\CymBuild_DB\Schema\Constraints\SSop.tvf_EnquiriesValidate.DF__tvf_Enqui__Targe__5B09527D.preflight.sql","System.Object[]","ConstraintCreate","True","False","85820182A65BBAC21CCA35F8163B626EE57B86D1186635DA5769BEFF2F7B9B2A","System.String[]","DEFAULT","Source-controlled constraint SQL files were resolved."
"e16409f9-5a7e-4f0a-a2b1-f53642815324","Constraint","SSop","DF__tvf_Quote__IsHid__1EC97FED","tvf_QuotesValidate","MissingInTarget","4C56535AC1DA0D677F77958CF60EA6DCEA4AB40DC473DA768AF95412767B9683","","C:\Users\stephen.brett\source\CymBuild.Monorepo\Database\CymBuild_DB\Schema\Constraints\SSop.tvf_QuotesValidate.DF__tvf_Quote__IsHid__1EC97FED.sql","","C:\Users\stephen.brett\source\CymBuild.Monorepo\Database\CymBuild_DB\Schema\Constraints\SSop.tvf_QuotesValidate.DF__tvf_Quote__IsHid__1EC97FED.preflight.sql","System.Object[]","ConstraintCreate","True","False","A8E3545B05890BC0060027C5A60F46F6EF6CD1AFFC6F6547D6CC7D5AF867B161","System.String[]","DEFAULT","Source-controlled constraint SQL files were resolved."
"81dc6d5d-1247-4c2a-bb94-aa161e777f9d","Constraint","SSop","DF__tvf_Quote__IsHid__43E5F603","tvf_QuoteItemsValidate","MissingInTarget","4C56535AC1DA0D677F77958CF60EA6DCEA4AB40DC473DA768AF95412767B9683","","C:\Users\stephen.brett\source\CymBuild.Monorepo\Database\CymBuild_DB\Schema\Constraints\SSop.tvf_QuoteItemsValidate.DF__tvf_Quote__IsHid__43E5F603.sql","","C:\Users\stephen.brett\source\CymBuild.Monorepo\Database\CymBuild_DB\Schema\Constraints\SSop.tvf_QuoteItemsValidate.DF__tvf_Quote__IsHid__43E5F603.preflight.sql","System.Object[]","ConstraintCreate","True","False","A8E3545B05890BC0060027C5A60F46F6EF6CD1AFFC6F6547D6CC7D5AF867B161","System.String[]","DEFAULT","Source-controlled constraint SQL files were resolved."
"a04069ce-c8e3-44bd-af68-80e0c317e2e0","Constraint","SSop","DF__tvf_Quote__IsInf__20B1C85F","tvf_QuotesValidate","MissingInTarget","5CDDE45AB400547D17C1F511018C11F189CBCD8DED9C3CA918E4D96BBE1C14C9","","C:\Users\stephen.brett\source\CymBuild.Monorepo\Database\CymBuild_DB\Schema\Constraints\SSop.tvf_QuotesValidate.DF__tvf_Quote__IsInf__20B1C85F.sql","","C:\Users\stephen.brett\source\CymBuild.Monorepo\Database\CymBuild_DB\Schema\Constraints\SSop.tvf_QuotesValidate.DF__tvf_Quote__IsInf__20B1C85F.preflight.sql","System.Object[]","ConstraintCreate","True","False","DF261A1223EF9F09F76C7C41470BC5386F345801379AA9711813A997C7B9935C","System.String[]","DEFAULT","Source-controlled constraint SQL files were resolved."
"7a5790f7-287e-42e7-818e-cceb5cb9d627","Constraint","SSop","DF__tvf_Quote__IsInf__45CE3E75","tvf_QuoteItemsValidate","MissingInTarget","5CDDE45AB400547D17C1F511018C11F189CBCD8DED9C3CA918E4D96BBE1C14C9","","C:\Users\stephen.brett\source\CymBuild.Monorepo\Database\CymBuild_DB\Schema\Constraints\SSop.tvf_QuoteItemsValidate.DF__tvf_Quote__IsInf__45CE3E75.sql","","C:\Users\stephen.brett\source\CymBuild.Monorepo\Database\CymBuild_DB\Schema\Constraints\SSop.tvf_QuoteItemsValidate.DF__tvf_Quote__IsInf__45CE3E75.preflight.sql","System.Object[]","ConstraintCreate","True","False","DF261A1223EF9F09F76C7C41470BC5386F345801379AA9711813A997C7B9935C","System.String[]","DEFAULT","Source-controlled constraint SQL files were resolved."
"9ad88109-c40c-4687-a4f8-6d0ba108e5fa","Constraint","SSop","DF__tvf_Quote__IsInv__1FBDA426","tvf_QuotesValidate","MissingInTarget","47FFCB032EC9ABF53490116879B46A434AAB37E57A8BF0C7DDB54C1C9DD0DBC2","","C:\Users\stephen.brett\source\CymBuild.Monorepo\Database\CymBuild_DB\Schema\Constraints\SSop.tvf_QuotesValidate.DF__tvf_Quote__IsInv__1FBDA426.sql","","C:\Users\stephen.brett\source\CymBuild.Monorepo\Database\CymBuild_DB\Schema\Constraints\SSop.tvf_QuotesValidate.DF__tvf_Quote__IsInv__1FBDA426.preflight.sql","System.Object[]","ConstraintCreate","True","False","7EA15F0FB6F5909E0B1626355BABCEC26C1A846CB48AC9D086463E0FD3AEA5A4","System.String[]","DEFAULT","Source-controlled constraint SQL files were resolved."
"a054a12c-0363-4621-b3cb-a3e665ba2f18","Constraint","SSop","DF__tvf_Quote__IsInv__44DA1A3C","tvf_QuoteItemsValidate","MissingInTarget","47FFCB032EC9ABF53490116879B46A434AAB37E57A8BF0C7DDB54C1C9DD0DBC2","","C:\Users\stephen.brett\source\CymBuild.Monorepo\Database\CymBuild_DB\Schema\Constraints\SSop.tvf_QuoteItemsValidate.DF__tvf_Quote__IsInv__44DA1A3C.sql","","C:\Users\stephen.brett\source\CymBuild.Monorepo\Database\CymBuild_DB\Schema\Constraints\SSop.tvf_QuoteItemsValidate.DF__tvf_Quote__IsInv__44DA1A3C.preflight.sql","System.Object[]","ConstraintCreate","True","False","7EA15F0FB6F5909E0B1626355BABCEC26C1A846CB48AC9D086463E0FD3AEA5A4","System.String[]","DEFAULT","Source-controlled constraint SQL files were resolved."
"c044255b-b9c3-4f52-a68e-06739377e0a2","Constraint","SSop","DF__tvf_Quote__IsRea__1DD55BB4","tvf_QuotesValidate","MissingInTarget","913A4FFEC21A8C990E21FCA37CF72D5DDBA81B2AE629852DC83F441956B45D5A","","C:\Users\stephen.brett\source\CymBuild.Monorepo\Database\CymBuild_DB\Schema\Constraints\SSop.tvf_QuotesValidate.DF__tvf_Quote__IsRea__1DD55BB4.sql","","C:\Users\stephen.brett\source\CymBuild.Monorepo\Database\CymBuild_DB\Schema\Constraints\SSop.tvf_QuotesValidate.DF__tvf_Quote__IsRea__1DD55BB4.preflight.sql","System.Object[]","ConstraintCreate","True","False","33ACABD98491DC316BC9F0A7B14B310B3E725C7867DCC6A05C7329AC0ACD0614","System.String[]","DEFAULT","Source-controlled constraint SQL files were resolved."
"7dc91273-b419-4068-9fea-9d8bfa2e4f6a","Constraint","SSop","DF__tvf_Quote__IsRea__42F1D1CA","tvf_QuoteItemsValidate","MissingInTarget","913A4FFEC21A8C990E21FCA37CF72D5DDBA81B2AE629852DC83F441956B45D5A","","C:\Users\stephen.brett\source\CymBuild.Monorepo\Database\CymBuild_DB\Schema\Constraints\SSop.tvf_QuoteItemsValidate.DF__tvf_Quote__IsRea__42F1D1CA.sql","","C:\Users\stephen.brett\source\CymBuild.Monorepo\Database\CymBuild_DB\Schema\Constraints\SSop.tvf_QuoteItemsValidate.DF__tvf_Quote__IsRea__42F1D1CA.preflight.sql","System.Object[]","ConstraintCreate","True","False","33ACABD98491DC316BC9F0A7B14B310B3E725C7867DCC6A05C7329AC0ACD0614","System.String[]","DEFAULT","Source-controlled constraint SQL files were resolved."
"3ff29614-91f6-400a-b515-8a6737a91403","Constraint","SSop","DF__tvf_Quote__Messa__21A5EC98","tvf_QuotesValidate","MissingInTarget","AE23361C700959395C0E8EAB5A839ABD85DF04F2246652F12AFC7A455D1AFFD5","","C:\Users\stephen.brett\source\CymBuild.Monorepo\Database\CymBuild_DB\Schema\Constraints\SSop.tvf_QuotesValidate.DF__tvf_Quote__Messa__21A5EC98.sql","","C:\Users\stephen.brett\source\CymBuild.Monorepo\Database\CymBuild_DB\Schema\Constraints\SSop.tvf_QuotesValidate.DF__tvf_Quote__Messa__21A5EC98.preflight.sql","System.Object[]","ConstraintCreate","True","False","78AE966C56D426F14E1F10959ECD319E7762C374EA902B8FA29FED6C70EEEC6F","System.String[]","DEFAULT","Source-controlled constraint SQL files were resolved."
"cc6b0fae-72cf-49a7-9167-f9e8e28f2eb2","Constraint","SSop","DF__tvf_Quote__Messa__46C262AE","tvf_QuoteItemsValidate","MissingInTarget","AE23361C700959395C0E8EAB5A839ABD85DF04F2246652F12AFC7A455D1AFFD5","","C:\Users\stephen.brett\source\CymBuild.Monorepo\Database\CymBuild_DB\Schema\Constraints\SSop.tvf_QuoteItemsValidate.DF__tvf_Quote__Messa__46C262AE.sql","","C:\Users\stephen.brett\source\CymBuild.Monorepo\Database\CymBuild_DB\Schema\Constraints\SSop.tvf_QuoteItemsValidate.DF__tvf_Quote__Messa__46C262AE.preflight.sql","System.Object[]","ConstraintCreate","True","False","78AE966C56D426F14E1F10959ECD319E7762C374EA902B8FA29FED6C70EEEC6F","System.String[]","DEFAULT","Source-controlled constraint SQL files were resolved."
"803db319-e6ea-474f-9f4b-ff265e878d4b","Constraint","SSop","DF__tvf_Quote__Targe__1BED1342","tvf_QuotesValidate","MissingInTarget","DC8397CCE23522BDB38F8F2530FEE78870948E5374A9E2E496E8E953666845DC","","C:\Users\stephen.brett\source\CymBuild.Monorepo\Database\CymBuild_DB\Schema\Constraints\SSop.tvf_QuotesValidate.DF__tvf_Quote__Targe__1BED1342.sql","","C:\Users\stephen.brett\source\CymBuild.Monorepo\Database\CymBuild_DB\Schema\Constraints\SSop.tvf_QuotesValidate.DF__tvf_Quote__Targe__1BED1342.preflight.sql","System.Object[]","ConstraintCreate","True","False","8178317E84A8D7833A1E9851EE9DECA4177C96D4CA65C043F0D6421DB41DEEEA","System.String[]","DEFAULT","Source-controlled constraint SQL files were resolved."
"5cb0776f-1c4e-4943-bdeb-ff6f865c6041","Constraint","SSop","DF__tvf_Quote__Targe__1CE1377B","tvf_QuotesValidate","MissingInTarget","FCFDE80E381BF5EDA60434BD53700953F254E3C7480743CF0584BFBF0C230524","","C:\Users\stephen.brett\source\CymBuild.Monorepo\Database\CymBuild_DB\Schema\Constraints\SSop.tvf_QuotesValidate.DF__tvf_Quote__Targe__1CE1377B.sql","","C:\Users\stephen.brett\source\CymBuild.Monorepo\Database\CymBuild_DB\Schema\Constraints\SSop.tvf_QuotesValidate.DF__tvf_Quote__Targe__1CE1377B.preflight.sql","System.Object[]","ConstraintCreate","True","False","85820182A65BBAC21CCA35F8163B626EE57B86D1186635DA5769BEFF2F7B9B2A","System.String[]","DEFAULT","Source-controlled constraint SQL files were resolved."
"77ab3d1f-f6fd-45a5-bff3-0849d76261bb","Constraint","SSop","DF__tvf_Quote__Targe__41098958","tvf_QuoteItemsValidate","MissingInTarget","DC8397CCE23522BDB38F8F2530FEE78870948E5374A9E2E496E8E953666845DC","","C:\Users\stephen.brett\source\CymBuild.Monorepo\Database\CymBuild_DB\Schema\Constraints\SSop.tvf_QuoteItemsValidate.DF__tvf_Quote__Targe__41098958.sql","","C:\Users\stephen.brett\source\CymBuild.Monorepo\Database\CymBuild_DB\Schema\Constraints\SSop.tvf_QuoteItemsValidate.DF__tvf_Quote__Targe__41098958.preflight.sql","System.Object[]","ConstraintCreate","True","False","8178317E84A8D7833A1E9851EE9DECA4177C96D4CA65C043F0D6421DB41DEEEA","System.String[]","DEFAULT","Source-controlled constraint SQL files were resolved."
"46cd3ca8-daee-4226-8618-6843853a0149","Constraint","SSop","DF__tvf_Quote__Targe__41FDAD91","tvf_QuoteItemsValidate","MissingInTarget","FCFDE80E381BF5EDA60434BD53700953F254E3C7480743CF0584BFBF0C230524","","C:\Users\stephen.brett\source\CymBuild.Monorepo\Database\CymBuild_DB\Schema\Constraints\SSop.tvf_QuoteItemsValidate.DF__tvf_Quote__Targe__41FDAD91.sql","","C:\Users\stephen.brett\source\CymBuild.Monorepo\Database\CymBuild_DB\Schema\Constraints\SSop.tvf_QuoteItemsValidate.DF__tvf_Quote__Targe__41FDAD91.preflight.sql","System.Object[]","ConstraintCreate","True","False","85820182A65BBAC21CCA35F8163B626EE57B86D1186635DA5769BEFF2F7B9B2A","System.String[]","DEFAULT","Source-controlled constraint SQL files were resolved."
"02233123-3949-4cfa-a00b-a107526c8e0b","Constraint","SSop","DF_CriticalProjectNotes_CreatedBy","CriticalProjectNotes","MissingInTarget","12A5FB8DD2209D9D2483C4F753B2D26253F3D3A0B82D7F283E7F87CA1782E2FA","","C:\Users\stephen.brett\source\CymBuild.Monorepo\Database\CymBuild_DB\Schema\Constraints\SSop.CriticalProjectNotes.DF_CriticalProjectNotes_CreatedBy.sql","","C:\Users\stephen.brett\source\CymBuild.Monorepo\Database\CymBuild_DB\Schema\Constraints\SSop.CriticalProjectNotes.DF_CriticalProjectNotes_CreatedBy.preflight.sql","System.Object[]","ConstraintCreate","True","False","4FCD3A11F2784C40DC765CBEE64E1004DECEFAC8E2BB18D66B2EA31B876824B0","System.String[]","DEFAULT","Source-controlled constraint SQL files were resolved."
"76789fea-808e-41a1-babe-2be6350f323a","Constraint","SSop","DF_CriticalProjectNotes_DateCreated","CriticalProjectNotes","MissingInTarget","AA9508CB13D6D326552A2E14FD8B81516862C6F095615F2177AE76E52A25F654","","C:\Users\stephen.brett\source\CymBuild.Monorepo\Database\CymBuild_DB\Schema\Constraints\SSop.CriticalProjectNotes.DF_CriticalProjectNotes_DateCreated.sql","","C:\Users\stephen.brett\source\CymBuild.Monorepo\Database\CymBuild_DB\Schema\Constraints\SSop.CriticalProjectNotes.DF_CriticalProjectNotes_DateCreated.preflight.sql","System.Object[]","ConstraintCreate","True","False","2A0B4E7C3E2A720C00E6311EA6ACF774C92261E63A7123723BDCA3A34AFB1553","System.String[]","DEFAULT","Source-controlled constraint SQL files were resolved."
"e5ea9167-50cd-4044-99ef-9506e669a280","Constraint","SSop","DF_CriticalProjectNotes_Guid","CriticalProjectNotes","MissingInTarget","CC3B2FE59B710D484C63070ABAA1FA8E852729EFA9222883C088A978E9999747","","C:\Users\stephen.brett\source\CymBuild.Monorepo\Database\CymBuild_DB\Schema\Constraints\SSop.CriticalProjectNotes.DF_CriticalProjectNotes_Guid.sql","","C:\Users\stephen.brett\source\CymBuild.Monorepo\Database\CymBuild_DB\Schema\Constraints\SSop.CriticalProjectNotes.DF_CriticalProjectNotes_Guid.preflight.sql","System.Object[]","ConstraintCreate","True","False","1C0166C8A8D3A440025AD8E8555C1BAD9831A9C0FC2F8CD9E06F7E9A630485B0","System.String[]","DEFAULT","Source-controlled constraint SQL files were resolved."
"9320e0ea-cec5-4195-b839-0f0dc3c6c3ac","Constraint","SSop","DF_CriticalProjectNotes_ParentGuid","CriticalProjectNotes","MissingInTarget","B4160BDDA5F0D722C4B4934E6221B17F45462AF24D53653B8CCD22264B9369F5","","C:\Users\stephen.brett\source\CymBuild.Monorepo\Database\CymBuild_DB\Schema\Constraints\SSop.CriticalProjectNotes.DF_CriticalProjectNotes_ParentGuid.sql","","C:\Users\stephen.brett\source\CymBuild.Monorepo\Database\CymBuild_DB\Schema\Constraints\SSop.CriticalProjectNotes.DF_CriticalProjectNotes_ParentGuid.preflight.sql","System.Object[]","ConstraintCreate","True","False","D273F088858285F6071F1D020D20C1C62886504A98EEF68E5C876FB4F0945194","System.String[]","DEFAULT","Source-controlled constraint SQL files were resolved."
"144b4614-c553-4169-8384-6a400a5d5bb1","Constraint","SSop","DF_CriticalProjectNotes_ProjectId","CriticalProjectNotes","MissingInTarget","D9BA72BAED0404E34000459B798F1CE5903033731B04C747091CEBB0EF7E2DAC","","C:\Users\stephen.brett\source\CymBuild.Monorepo\Database\CymBuild_DB\Schema\Constraints\SSop.CriticalProjectNotes.DF_CriticalProjectNotes_ProjectId.sql","","C:\Users\stephen.brett\source\CymBuild.Monorepo\Database\CymBuild_DB\Schema\Constraints\SSop.CriticalProjectNotes.DF_CriticalProjectNotes_ProjectId.preflight.sql","System.Object[]","ConstraintCreate","True","False","4620C19B13C3ECE49C70D9A9E1A0A6FFD3C571A1A72D66434AE1FB0E9D597392","System.String[]","DEFAULT","Source-controlled constraint SQL files were resolved."
"9e18ce05-30ed-41f1-a6ad-ca33e8be2e24","Constraint","SSop","DF_CriticalProjectNotes_RowStatus","CriticalProjectNotes","MissingInTarget","18E637005E1E766637B7D1BDA2A3C46B00011EE792E0B0C25C5C706604B81ACA","","C:\Users\stephen.brett\source\CymBuild.Monorepo\Database\CymBuild_DB\Schema\Constraints\SSop.CriticalProjectNotes.DF_CriticalProjectNotes_RowStatus.sql","","C:\Users\stephen.brett\source\CymBuild.Monorepo\Database\CymBuild_DB\Schema\Constraints\SSop.CriticalProjectNotes.DF_CriticalProjectNotes_RowStatus.preflight.sql","System.Object[]","ConstraintCreate","True","False","CB80E9C360F8C227A4A44609FD5E85AF941338D07F10523DCA38B8B112E282B4","System.String[]","DEFAULT","Source-controlled constraint SQL files were resolved."
"19053284-89af-4afa-bc21-6e480446f541","Constraint","SSop","FK_CriticalProjectNotes_CreatedBy","CriticalProjectNotes","MissingInTarget","A25C5C15DAFC252876A899B7E7C87AC188201C8E971F10F7A53FD34A53F9C51B","","","","","System.Object[]","","False","False","","System.Object[]","","Constraint definition property 'Columns' is required."
"050ef49f-22db-4e99-b25e-c9645627793a","Constraint","SSop","FK_CriticalProjectNotes_Guid","CriticalProjectNotes","MissingInTarget","F2F6740CF6896D954EFECBACF24AFB9E9143BAB8194BCE030323FCAB8D7806BC","","","","","System.Object[]","","False","False","","System.Object[]","","Constraint definition property 'Columns' is required."
"83a61ae8-bb2a-49ac-b851-81e41af86f4c","Constraint","SSop","FK_CriticalProjectNotes_Projects","CriticalProjectNotes","MissingInTarget","6965864FF3ACE0457E84170896B1D469ABAB2FE1752C646E88577565A30C52ED","","","","","System.Object[]","","False","False","","System.Object[]","","Constraint definition property 'Columns' is required."
"4a5bb612-3eee-45d8-a7c2-35674a681dc8","Index","SCore","DataObjectTransition.IX_DataObjectTransition_Active_DataObjectGuid_ID","DataObjectTransition","MissingInTarget","7F99A99D62B67FEFA06D3DCEC63B08D9C3495730498B50FA481A431B89481129","","C:\Users\stephen.brett\source\CymBuild.Monorepo\Database\CymBuild_DB\Schema\Indexes\SCore.DataObjectTransition.IX_DataObjectTransition_Active_DataObjectGuid_ID.sql","","C:\Users\stephen.brett\source\CymBuild.Monorepo\Database\CymBuild_DB\Schema\Indexes\SCore.DataObjectTransition.IX_DataObjectTransition_Active_DataObjectGuid_ID.preflight.sql","System.Object[]","IndexCreate","True","False","91DD432EC805D82243FB0CE70F4936443C1F1C7356630908E2AAE85120E7D94E","System.String[]","","Source-controlled index SQL files were resolved."
"c8d0c97f-550f-4104-bb5c-27af740ca2f2","Index","SCore","WorkflowStatus.IX_WorkflowStatus_Active_ID_Guid","WorkflowStatus","MissingInTarget","DB538AC9D132185519CAF9FC5E073DD0BFA1E1A1FC5390821A42FE0D27C68B82","","C:\Users\stephen.brett\source\CymBuild.Monorepo\Database\CymBuild_DB\Schema\Indexes\SCore.WorkflowStatus.IX_WorkflowStatus_Active_ID_Guid.sql","","C:\Users\stephen.brett\source\CymBuild.Monorepo\Database\CymBuild_DB\Schema\Indexes\SCore.WorkflowStatus.IX_WorkflowStatus_Active_ID_Guid.preflight.sql","System.Object[]","IndexCreate","True","False","A91C4C69E7BC87E58B81D0CB61BFC4CED7668D907020E7D6D5F28729B69E2596","System.String[]","","Source-controlled index SQL files were resolved."
"f76ab424-a5b3-48ec-aa9e-e3633ae9a8c3","Index","SMigration","Onboarding_EntityScope.IX_Onboarding_EntityScope_DisplayOrder","Onboarding_EntityScope","MissingInTarget","F257AB39028AEF11213C858F448A1894E2A9C5D25472205A37FDBFCC709C1D5D","","C:\Users\stephen.brett\source\CymBuild.Monorepo\Database\CymBuild_DB\Schema\Indexes\SMigration.Onboarding_EntityScope.IX_Onboarding_EntityScope_DisplayOrder.sql","","C:\Users\stephen.brett\source\CymBuild.Monorepo\Database\CymBuild_DB\Schema\Indexes\SMigration.Onboarding_EntityScope.IX_Onboarding_EntityScope_DisplayOrder.preflight.sql","System.Object[]","IndexCreate","True","False","92CFE7B9C63458BAB93443C8F842389F097C460D6E4D0710F9DE5EAD10C7BAD8","System.String[]","","Source-controlled index SQL files were resolved."
"5700c65c-f1a4-4e12-a04c-e8ec3c970b64","Index","SMigration","Onboarding_Run.IX_SMigration_Onboarding_Run_Active","Onboarding_Run","MissingInTarget","C9E791D47F8D71A69A2ACBB0F5D652AFFDD675D60271998026E2EA77283F3662","","C:\Users\stephen.brett\source\CymBuild.Monorepo\Database\CymBuild_DB\Schema\Indexes\SMigration.Onboarding_Run.IX_SMigration_Onboarding_Run_Active.sql","","C:\Users\stephen.brett\source\CymBuild.Monorepo\Database\CymBuild_DB\Schema\Indexes\SMigration.Onboarding_Run.IX_SMigration_Onboarding_Run_Active.preflight.sql","System.Object[]","IndexCreate","True","False","B3E2D3FB14C6780DDD0C20565496041B7311CC4EDDE7666F5D47E0A588F4A7F4","System.String[]","","Source-controlled index SQL files were resolved."
"aba050d6-6e58-440b-ab1c-bfadc66c1f33","Index","SMigration","Onboarding_RunEntitySelections.IX_Onboarding_RunEntitySelections_RunGuid","Onboarding_RunEntitySelections","MissingInTarget","DEB211084EB5E66859E08F964608B2295B5AD8F615E48B57C1227BA7B16D07D1","","C:\Users\stephen.brett\source\CymBuild.Monorepo\Database\CymBuild_DB\Schema\Indexes\SMigration.Onboarding_RunEntitySelections.IX_Onboarding_RunEntitySelections_RunGuid.sql","","C:\Users\stephen.brett\source\CymBuild.Monorepo\Database\CymBuild_DB\Schema\Indexes\SMigration.Onboarding_RunEntitySelections.IX_Onboarding_RunEntitySelections_RunGuid.preflight.sql","System.Object[]","IndexCreate","True","False","0B42DA4175F8B4D5660BD1B5C7599360A130982BE4F28F8ECC06139B0E2D7C81","System.String[]","","Source-controlled index SQL files were resolved."
"0a3a2b28-e766-4f40-9b2c-1c17eb9f0247","Index","SMigration","Onboarding_RunStageSelections.UX_SMigration_Onboarding_RunStageSelections_Run_Entity_Row","Onboarding_RunStageSelections","MissingInTarget","89ABE1FA79E4F4216128B54EFC269518A39AA417FBE426B916AA05F0995E411D","","C:\Users\stephen.brett\source\CymBuild.Monorepo\Database\CymBuild_DB\Schema\Indexes\SMigration.Onboarding_RunStageSelections.UX_SMigration_Onboarding_RunStageSelections_Run_Entity_Row.sql","","C:\Users\stephen.brett\source\CymBuild.Monorepo\Database\CymBuild_DB\Schema\Indexes\SMigration.Onboarding_RunStageSelections.UX_SMigration_Onboarding_RunStageSelections_Run_Entity_Row.preflight.sql","System.Object[]","IndexCreate","True","False","6F597FF39A89DBFB8E621CD324CA9AF94205B50D540F66BD72E8C65138891F7E","System.String[]","","Source-controlled index SQL files were resolved."
"ad89fef3-f654-4f7f-823c-1b644c6b3fe2","Index","SSop","QuoteItems.IX_QuoteItems_Active_QuoteId_Net","QuoteItems","MissingInTarget","677F06BF2C3D1B36B348BFC133C398328350BCA1766B232B938CB0F9E18E5648","","C:\Users\stephen.brett\source\CymBuild.Monorepo\Database\CymBuild_DB\Schema\Indexes\SSop.QuoteItems.IX_QuoteItems_Active_QuoteId_Net.sql","","C:\Users\stephen.brett\source\CymBuild.Monorepo\Database\CymBuild_DB\Schema\Indexes\SSop.QuoteItems.IX_QuoteItems_Active_QuoteId_Net.preflight.sql","System.Object[]","IndexCreate","True","False","27E2FB515C09547818F9DBA044D19463C660809CCC91D65AC6B81F8026799613","System.String[]","","Source-controlled index SQL files were resolved."
"8c3b8b63-d538-4b8c-81f5-2c538ac0deb2","Index","SSop","Quotes.IX_Quotes_Active_QuoteGrid","Quotes","MissingInTarget","1CB0FBE7F9F5FA36BB650B5DBDD4487F58C99A2BF87AD0BC65E13F1B0C360ADB","","C:\Users\stephen.brett\source\CymBuild.Monorepo\Database\CymBuild_DB\Schema\Indexes\SSop.Quotes.IX_Quotes_Active_QuoteGrid.sql","","C:\Users\stephen.brett\source\CymBuild.Monorepo\Database\CymBuild_DB\Schema\Indexes\SSop.Quotes.IX_Quotes_Active_QuoteGrid.preflight.sql","System.Object[]","IndexCreate","True","False","E64FD1DA49B842C6005984ADA6B98FD75E7ED511CBCA9B0785398F7C6BBB4D83","System.String[]","","Source-controlled index SQL files were resolved."
"40a7c2c8-f676-4a05-b6ea-410f4c362c07","View","SCore","UsersGet_Advanced","","MissingInTarget","4FF2369289A2DAD8646B41653B49F3A9EC5AC9DB6CC8912BC75E986AF4B5FE0E","","C:\Users\stephen.brett\source\CymBuild.Monorepo\Database\CymBuild_DB\Schema\Views\SCore.UsersGet_Advanced.sql","","","System.Object[]","CanonicalAlter","True","False","","System.Object[]","","Source-controlled SQL file resolved."
"53832c3a-9c54-48ab-9365-4d2d2227f528","View","SCore","UserUsageLast7Days","","MissingInTarget","48A663DDDD8909903158428D60C514B2B2CCA6C37BD9F4C356860EFEE5924E01","","C:\Users\stephen.brett\source\CymBuild.Monorepo\Database\CymBuild_DB\Schema\Views\SCore.UserUsageLast7Days.sql","","","System.Object[]","CanonicalAlter","True","False","","System.Object[]","","Source-controlled SQL file resolved."
"843912e6-98e1-4118-895b-21eb830210b0","View","SJob","Jobs_DWETL","","Different","57251EC48113A635A38A415FFA3644666BDBE52E015F68F715D12D8F27F0BD09","56E2BA0304859E830EF56E448B19D8D37B1F4847E7793CDC0900A2C3D66D26FE","C:\Users\stephen.brett\source\CymBuild.Monorepo\Database\CymBuild_DB\Schema\Views\SJob.Jobs_DWETL.sql","","","System.Object[]","CanonicalAlter","True","False","","System.Object[]","","Source-controlled SQL file resolved."
"11a255c0-db18-47ba-84f9-1d1724aa73d7","View","SSop","Quote_MergeInfo","","Different","094807FF280C59039CBC5C97F9A7D18EC537D48B28574F0870951A7C0A77D5A1","8AD46DC4D4631D48EB73FF08879AB7ACECF1F15953450E6DF16C6ECB950DBA87","C:\Users\stephen.brett\source\CymBuild.Monorepo\Database\CymBuild_DB\Schema\Views\SSop.Quote_MergeInfo.sql","","","System.Object[]","CanonicalAlter","True","False","","System.Object[]","","Source-controlled SQL file resolved."
"55d9533f-89ff-4de6-9bd4-cc74d876f30a","Function","SCore","tvf_BusinessUnitsGet","","MissingInTarget","5605671EB28E21610B4FB7E75904FF7D283356F81C325B9DCF15A3717A26FB2D","","C:\Users\stephen.brett\source\CymBuild.Monorepo\Database\CymBuild_DB\Schema\Programmability\Functions\SCore.tvf_BusinessUnitsGet.sql","","","System.Object[]","CanonicalAlter","True","False","","System.Object[]","","Source-controlled SQL file resolved."
"694eeb1c-f0dc-43cb-8fb9-b986b23bf671","Function","SCore","tvf_DepartmentsGet","","MissingInTarget","8B65906AA666BABA8FD234F67C1037427DB75A7D05DC0AD1941F1B6DA4143F4E","","C:\Users\stephen.brett\source\CymBuild.Monorepo\Database\CymBuild_DB\Schema\Programmability\Functions\SCore.tvf_DepartmentsGet.sql","","","System.Object[]","CanonicalAlter","True","False","","System.Object[]","","Source-controlled SQL file resolved."
"e3714aa0-b643-4d17-b555-667562cb2e2e","Function","SCore","tvf_GetScheduledActivities","","Different","6578964D46502A9C9D64718AC87E480DB560F48573E73B78CC343275827E3173","2CE9D66A8E51FEA90DB80EBA8B1F348F85B6A794699CEA26D761B61220782DAC","C:\Users\stephen.brett\source\CymBuild.Monorepo\Database\CymBuild_DB\Schema\Programmability\Functions\SCore.tvf_GetScheduledActivities.sql","","","System.Object[]","CanonicalAlter","True","False","","System.Object[]","","Source-controlled SQL file resolved."
"e92b85fa-c2ad-4565-977e-8b2393f56e33","Function","SCore","tvf_GetUsersForDepartment","","MissingInTarget","03EBC2F9D5CCD1E858EE2CC17708F0764092558F0328747E3E8A27923990816D","","C:\Users\stephen.brett\source\CymBuild.Monorepo\Database\CymBuild_DB\Schema\Programmability\Functions\SCore.tvf_GetUsersForDepartment.sql","","","System.Object[]","CanonicalAlter","True","False","","System.Object[]","","Source-controlled SQL file resolved."
"b0f5f846-7cb1-4254-bcdb-8831a4fb41c1","Function","SCore","tvf_UniversalSearch","","MissingInTarget","40A9B7989EA5BB17F0A285EDC00F60B50BA9063716F2DE9294C2FA7D27AC6691","","C:\Users\stephen.brett\source\CymBuild.Monorepo\Database\CymBuild_DB\Schema\Programmability\Functions\SCore.tvf_UniversalSearch.sql","","","System.Object[]","CanonicalAlter","True","False","","System.Object[]","","Source-controlled SQL file resolved."
"2bd78f7e-d333-4339-85e6-507b6f71d814","Function","SCrm","tvf_AccountsCheckForDuplicate","","MissingInTarget","A45A501BEC5673CDA477D61F731AB1F3E59FD1490C95BFAAC9FE3AAB46469610","","C:\Users\stephen.brett\source\CymBuild.Monorepo\Database\CymBuild_DB\Schema\Programmability\Functions\SCrm.tvf_AccountsCheckForDuplicate.sql","","","System.Object[]","CanonicalAlter","True","False","","System.Object[]","","Source-controlled SQL file resolved."
"f011867d-d0be-4d79-8acc-8bcce3db526d","Function","SFin","tvf_AllTransactions","","Different","FD30E2D772B8BA7B285C9482DA99830817858BB1CE9655386345231C9F269E67","A425FF5506C601316D6365CF5486440B1128D801D5DB607359F8FEAB16C0689E","C:\Users\stephen.brett\source\CymBuild.Monorepo\Database\CymBuild_DB\Schema\Programmability\Functions\SFin.tvf_AllTransactions.sql","","","System.Object[]","CanonicalAlter","True","False","","System.Object[]","","Source-controlled SQL file resolved."
"3a8fc055-9e54-48fc-b4ae-df65e9b4e4b0","Function","SFin","tvf_InvoiceRequests","","Different","6DDD21A17630008EDFCA08A14F07EE7E5F2EFFDCA0FFD2CB95424C59237C37AB","A2211CF465E76CB14A0F23B80BA22106E8912F785DF35BAC5C2A6AC87BB73D07","C:\Users\stephen.brett\source\CymBuild.Monorepo\Database\CymBuild_DB\Schema\Programmability\Functions\SFin.tvf_InvoiceRequests.sql","","","System.Object[]","CanonicalAlter","True","False","","System.Object[]","","Source-controlled SQL file resolved."
"450638fb-03cb-45c6-aa9e-c638ff641b7a","Function","SFin","tvf_InvoiceScheduleMonthConfigurationValidate","","Different","B56999EFBE1F218A6E016252DECD74A5313CC569B3C509E065765BB7C3F7014C","91967E1EC62E7A87741089E662F03200EE77DF198DB7ACACCBAEB7688AAA6391","C:\Users\stephen.brett\source\CymBuild.Monorepo\Database\CymBuild_DB\Schema\Programmability\Functions\SFin.tvf_InvoiceScheduleMonthConfigurationValidate.sql","","","System.Object[]","CanonicalAlter","True","False","","System.Object[]","","Source-controlled SQL file resolved."
"c3448475-4471-4ffc-bd2d-aeb11be0af4d","Function","SFin","tvf_JobInvoiceProcessingModeHistory","","MissingInTarget","220569E581888131089216D7680F1D18BC56C3B247E9740A53E883FB26A74CFD","","C:\Users\stephen.brett\source\CymBuild.Monorepo\Database\CymBuild_DB\Schema\Programmability\Functions\SFin.tvf_JobInvoiceProcessingModeHistory.sql","","","System.Object[]","CanonicalAlter","True","False","","System.Object[]","","Source-controlled SQL file resolved."
"7997c00b-93ee-44d6-bc44-616cdca968ba","Function","SFin","tvf_TransactionSageSubmissionMonitor","","Different","CD3483E9B9D0BAE9085EB611D7DE20773D2A2F5CF3405B9C15A5E0FC4EBE0FFE","5B390473D7A1B6A5822FBCAA41F56B81C1C51015A1114397E1903096C8D49B8D","C:\Users\stephen.brett\source\CymBuild.Monorepo\Database\CymBuild_DB\Schema\Programmability\Functions\SFin.tvf_TransactionSageSubmissionMonitor.sql","","","System.Object[]","CanonicalAlter","True","False","","System.Object[]","","Source-controlled SQL file resolved."
"9a65e43d-3d69-41bc-ac25-18bfd42fa1e3","Function","SJob","AssetDuplicateCheck","","MissingInTarget","B70DF03F74DF0E1216203260389D04CF02589D41B36F68EF53753B9E3C255187","","C:\Users\stephen.brett\source\CymBuild.Monorepo\Database\CymBuild_DB\Schema\Programmability\Functions\SJob.AssetDuplicateCheck.sql","","","System.Object[]","CanonicalAlter","True","False","","System.Object[]","","Source-controlled SQL file resolved."
"c56c89be-60aa-48ce-a0e9-aa5e2f729c11","Function","SJob","tvf_AssetsCheckForDuplicate","","MissingInTarget","483C0D1DFA701CCBA00C06E2930FA03A5C964684DA095043B4965F3ED0D86AC7","","C:\Users\stephen.brett\source\CymBuild.Monorepo\Database\CymBuild_DB\Schema\Programmability\Functions\SJob.tvf_AssetsCheckForDuplicate.sql","","","System.Object[]","CanonicalAlter","True","False","","System.Object[]","","Source-controlled SQL file resolved."
"9cecd48e-ae85-4fad-848d-b5edf4995155","Function","SJob","tvf_EngineeringJobsFinancialOverview","","MissingInTarget","BACBD8CF7B51517BEA22C5D49740C59B107990969F927FD26874F3BBE519DE4E","","C:\Users\stephen.brett\source\CymBuild.Monorepo\Database\CymBuild_DB\Schema\Programmability\Functions\SJob.tvf_EngineeringJobsFinancialOverview.sql","","","System.Object[]","CanonicalAlter","True","False","","System.Object[]","","Source-controlled SQL file resolved."
"36fdf7b9-f6bb-4f70-bbbe-febff2864afd","Function","SJob","tvf_SubcontractorInvoices","","Different","D8E7993BD533EA836D3493E16641EBBD5D6E171D87E1252077B3A018A85ADB3C","6AA02C25E365F9BD2F17E9E2212F23720BE4DF55BE7866F0F65E229DDA5B0703","C:\Users\stephen.brett\source\CymBuild.Monorepo\Database\CymBuild_DB\Schema\Programmability\Functions\SJob.tvf_SubcontractorInvoices.sql","","","System.Object[]","CanonicalAlter","True","False","","System.Object[]","","Source-controlled SQL file resolved."
"f322a3c1-bd61-4104-9195-d47f0a1cb53c","Function","SSop","tvf_EnquiriesValidate","","Different","E506F608A0E6AD8160F842C314F70BEC1AF0E311068B6FAAC44D964186FC9DAE","0E98007BB83714D1A4A86A0FA0E9446DDCDEEF7F5F08D47ED935307D52BCF619","C:\Users\stephen.brett\source\CymBuild.Monorepo\Database\CymBuild_DB\Schema\Programmability\Functions\SSop.tvf_EnquiriesValidate.sql","","","System.Object[]","CanonicalAlter","True","False","","System.Object[]","","Source-controlled SQL file resolved."
"a2457b33-6794-4306-ba19-e87993e8db9a","Function","SSop","tvf_ProjectDocumentNavigation","","Different","ECB819D215888C2222A81D06365A811D57661004A26743DDFC144583F0AB0359","8C9A48447480CA9207AC8EA1AD173B61E5101977982158F48FF3F1415028A277","C:\Users\stephen.brett\source\CymBuild.Monorepo\Database\CymBuild_DB\Schema\Programmability\Functions\SSop.tvf_ProjectDocumentNavigation.sql","","","System.Object[]","CanonicalAlter","True","False","","System.Object[]","","Source-controlled SQL file resolved."
"e1371735-c2a2-40ce-8913-283e696e056c","Function","SSop","tvf_Quotes","","Different","059B0D03C8332E7E93E52CFF48EAD955C645D6B955FDE2D578937216C8346682","2BEEC6AE0711F877EE61B8991246FFD6576FBCB9844D65D1C7A49C40D4711A0C","C:\Users\stephen.brett\source\CymBuild.Monorepo\Database\CymBuild_DB\Schema\Programmability\Functions\SSop.tvf_Quotes.sql","","","System.Object[]","CanonicalAlter","True","False","","System.Object[]","","Source-controlled SQL file resolved."
"5c9efddd-671f-47bf-9072-48b3290b0a9f","StoredProcedure","SFin","InvoiceRequestItemsDelete","","MissingInTarget","672BDC54CF2162F6192A4ED8587B90FAB41D6399619B33D1096A4D396DB57AE4","","C:\Users\stephen.brett\source\CymBuild.Monorepo\Database\CymBuild_DB\Schema\Programmability\Procedures\SFin.InvoiceRequestItemsDelete.sql","","","System.Object[]","CanonicalAlter","True","False","","System.Object[]","","Source-controlled SQL file resolved."
"4d268b46-2f3e-4479-9ba0-fd2266024fff","StoredProcedure","SFin","InvoiceScheduleMonthlyDrawdownAmendmentAssert","","MissingInTarget","CF6468B77834373FB3430CB80C340916959CAB6DDD6F0A4CE89365C1835FD07C","","C:\Users\stephen.brett\source\CymBuild.Monorepo\Database\CymBuild_DB\Schema\Programmability\Procedures\SFin.InvoiceScheduleMonthlyDrawdownAmendmentAssert.sql","","","System.Object[]","CanonicalAlter","True","False","","System.Object[]","","Source-controlled SQL file resolved."
"1fbf49d3-3d4a-44eb-b410-8773c31cb13e","StoredProcedure","SFin","JobInvoiceProcessingMode_Set","","Different","1F459FAD471F9630FA8F731EC32A891F01E40D72920A1467FCDEC39FD634300A","3003485381EE970A7009C80F79545501F67049CA517AB8A9DE4EE35D4679B2A7","C:\Users\stephen.brett\source\CymBuild.Monorepo\Database\CymBuild_DB\Schema\Programmability\Procedures\SFin.JobInvoiceProcessingMode_Set.sql","","","System.Object[]","CanonicalAlter","True","False","","System.Object[]","","Source-controlled SQL file resolved."
"e066534f-87b5-4c65-80a4-7e0701b10e4c","StoredProcedure","SFin","SageInboundDocumentStatus_TryClaim","","Different","865FD5D68FF3F7914E807CD5BA01A4147C308AB0B7D04D5BF83040B0AA22965C","CEF2541BE130949A6A367F63ED904A81CB396036C0B3F81328FA8D6E0D099E71","C:\Users\stephen.brett\source\CymBuild.Monorepo\Database\CymBuild_DB\Schema\Programmability\Procedures\SFin.SageInboundDocumentStatus_TryClaim.sql","","","System.Object[]","CanonicalAlter","True","False","","System.Object[]","","Source-controlled SQL file resolved."
"16a7ecc2-c1f3-4812-a0c5-3fc26096de29","StoredProcedure","SFin","SageInboundPaymentSync_Worklist","","Different","FE58CA0EB5E6AFB764C3A267FFF4E0A33EB98C37BCB0C2855B43A885E9C967AC","9E967C7F1C4F13B9CDCF12E5D3A346DDD670B9A9A414BF29096C91AC5C18BB3F","C:\Users\stephen.brett\source\CymBuild.Monorepo\Database\CymBuild_DB\Schema\Programmability\Procedures\SFin.SageInboundPaymentSync_Worklist.sql","","","System.Object[]","CanonicalAlter","True","False","","System.Object[]","","Source-controlled SQL file resolved."
"889c1181-7d68-4431-b527-3ff71b394c19","StoredProcedure","SFin","TransactionSageSubmission_EnsureQueued","","MissingInTarget","150F411322CE941D8FE7546BB006A5EF60EC9C0D4E19B477848E07A36265FF40","","C:\Users\stephen.brett\source\CymBuild.Monorepo\Database\CymBuild_DB\Schema\Programmability\Procedures\SFin.TransactionSageSubmission_EnsureQueued.sql","","","System.Object[]","CanonicalAlter","True","False","","System.Object[]","","Source-controlled SQL file resolved."
"38b613e5-5b0c-4e7a-99d4-c93ce1570eaa","StoredProcedure","SFin","TransactionSageSubmission_Requeue","","Different","4E01BE965BB51B8EC5894782382A553D9C8FEF6FDE7CD05241C990B4592CD488","FC94E559DCD54FCC8EF5FF880AD1492E07190CD7BA637EBB304C778A6F8AB165","C:\Users\stephen.brett\source\CymBuild.Monorepo\Database\CymBuild_DB\Schema\Programmability\Procedures\SFin.TransactionSageSubmission_Requeue.sql","","","System.Object[]","CanonicalAlter","True","False","","System.Object[]","","Source-controlled SQL file resolved."
"43016bf9-df99-49a6-a02f-f880bf80ec4d","StoredProcedure","SFin","TransactionsUpsert","","Different","C391EFDAAE4BDCD9A29C7DBE1807018B0ACAF58108223093E3301EA7C3A724B5","116776A2F2D99059A58E28ADC179E66D8D0A20EB917A66BF396E6FDB75E5E030","C:\Users\stephen.brett\source\CymBuild.Monorepo\Database\CymBuild_DB\Schema\Programmability\Procedures\SFin.TransactionsUpsert.sql","","","System.Object[]","CanonicalAlter","True","False","","System.Object[]","","Source-controlled SQL file resolved."
"0519a878-ff9b-4cd9-9990-905827d7e723","StoredProcedure","SFin","TransactionUnbatch","","Different","1CA6DD5265A8475478A2E2C276E8B4A461D6B4EA3D2B123FB9CF4870491B4B87","DCE21555AF039780A0BD5AE0A78B7143D4AF685356B5B20F63845EB31EEF4FD7","C:\Users\stephen.brett\source\CymBuild.Monorepo\Database\CymBuild_DB\Schema\Programmability\Procedures\SFin.TransactionUnbatch.sql","","","System.Object[]","CanonicalAlter","True","False","","System.Object[]","","Source-controlled SQL file resolved."
"fd2be579-7783-4681-b70c-68d745de6b83","StoredProcedure","SJob","JobsUpsert","","Different","B32C932BBB02DD0516F16C42376CF22164BD530EA1F244FDA6641D3314573C92","FB670649B442ACC78B721FD35B7C07FAAD83D7C640F360259C68E65897FF00DA","C:\Users\stephen.brett\source\CymBuild.Monorepo\Database\CymBuild_DB\Schema\Programmability\Procedures\SJob.JobsUpsert.sql","","","System.Object[]","CanonicalAlter","True","False","","System.Object[]","","Source-controlled SQL file resolved."
"c51b30dd-540a-4dca-b69a-eefbe21c8a1a","StoredProcedure","SJob","PurchaseOrdersUpsert","","Different","2E7C5124E13E527DCC68889AAC5B6437978274856903F501CDD80E608A00CE8C","8E76B72F64276B0393D4C31DC32A2B25C7E0C92BF9004651C4FA494C21D9C694","C:\Users\stephen.brett\source\CymBuild.Monorepo\Database\CymBuild_DB\Schema\Programmability\Procedures\SJob.PurchaseOrdersUpsert.sql","","","System.Object[]","CanonicalAlter","True","False","","System.Object[]","","Source-controlled SQL file resolved."
"335f432a-db4f-419e-a3bd-218f80f220e7","StoredProcedure","SJob","SubContractorInvoicesUpsert","","Different","9C168117D2DE9DB6A352350B692FA0A115C4017D8A06FFCFF51197A816A49F4D","EC948C4C96189B7D5E62495E43A6D47574E40B16C92DDD74F3FD512AA03BB336","C:\Users\stephen.brett\source\CymBuild.Monorepo\Database\CymBuild_DB\Schema\Programmability\Procedures\SJob.SubContractorInvoicesUpsert.sql","","","System.Object[]","CanonicalAlter","True","False","","System.Object[]","","Source-controlled SQL file resolved."
"a154a38d-f997-46cc-9253-ff75b9fa5bb1","StoredProcedure","SMigration","MetadataApply_Run","","Different","193B97275FE79DD262FFE91A1739D9B34FF31B1D1537AAF75DE2A7ACA70EE45A","A7AB0953394861ACDCC5DD803EFA735F330AD2BFD1596E7F6EFB444A461C809B","C:\Users\stephen.brett\source\CymBuild.Monorepo\Database\CymBuild_DB\Schema\Programmability\Procedures\SMigration.MetadataApply_Run.sql","","","System.Object[]","CanonicalAlter","True","False","","System.Object[]","","Source-controlled SQL file resolved."
"6be923c3-a956-46bd-a1d9-6c446cdcfd2d","StoredProcedure","SMigration","MetadataApplyIdentityMap_Build","","Different","613D6A4B756096145D6491A0024F89E539FDF55BE48AD18E7EFBBB3F64C5F13A","6AC2DC22C0A35AC07004B23767B598AD519077030F3CDC88F8DE66E653F9C54B","C:\Users\stephen.brett\source\CymBuild.Monorepo\Database\CymBuild_DB\Schema\Programmability\Procedures\SMigration.MetadataApplyIdentityMap_Build.sql","","","System.Object[]","CanonicalAlter","True","False","","System.Object[]","","Source-controlled SQL file resolved."
"2e3ea95a-23ea-4ac3-9308-fee236bd2952","StoredProcedure","SMigration","MetadataApplyPreview_Get","","Different","FB7823F05971AF1C8E58A276BFEB581343E1DA1586CB60DB6DD9E8613AC08939","930180D27D8CB479990C1A13DD9E8A31C2E37447D49F67F78533F34C5642DF20","C:\Users\stephen.brett\source\CymBuild.Monorepo\Database\CymBuild_DB\Schema\Programmability\Procedures\SMigration.MetadataApplyPreview_Get.sql","","","System.Object[]","CanonicalAlter","True","False","","System.Object[]","","Source-controlled SQL file resolved."
"d882dde8-99ae-4512-b73b-215b5c591e83","StoredProcedure","SMigration","MetadataIdentityMapOverride_Upsert","","Different","8AAA39548DD16F94268D9C577337E6F5CE36A02F9CC44608DB39EEC1F5C6D4A1","F13555937F50FF2B70E592B8A942CD1F5289A7F9EB9F66A9428FD86DC683B3A7","C:\Users\stephen.brett\source\CymBuild.Monorepo\Database\CymBuild_DB\Schema\Programmability\Procedures\SMigration.MetadataIdentityMapOverride_Upsert.sql","","","System.Object[]","CanonicalAlter","True","False","","System.Object[]","","Source-controlled SQL file resolved."
"23bf5f7b-b1e0-428e-8805-cd238b722606","StoredProcedure","SMigration","MetadataRegistry_SyncFromEntityTypes","","Different","C411DA496EAB338773BDA68A8D4C0B27E45F9FC3262D006C7B2ACDCA76EBBCCA","6905458F810116D2852097135687A2581D5B042FB0637CE92B5C89D69C962C92","C:\Users\stephen.brett\source\CymBuild.Monorepo\Database\CymBuild_DB\Schema\Programmability\Procedures\SMigration.MetadataRegistry_SyncFromEntityTypes.sql","","","System.Object[]","CanonicalAlter","True","False","","System.Object[]","","Source-controlled SQL file resolved."
"2f9e0849-c3bb-4379-b3d6-1486582fdcad","StoredProcedure","SMigration","MetadataStage_Run","","Different","11DF451A2816EC5438C62837DA63B8AB110EB8202EC5171D77F078CFC4ACD29B","A8FBD6AFD05110181813D4419D431B7A9592398D405FEE7654541C3F08437E86","C:\Users\stephen.brett\source\CymBuild.Monorepo\Database\CymBuild_DB\Schema\Programmability\Procedures\SMigration.MetadataStage_Run.sql","","","System.Object[]","CanonicalAlter","True","False","","System.Object[]","","Source-controlled SQL file resolved."
"41778869-1a14-414e-a635-742deb9ebf88","StoredProcedure","SMigration","OnboardingAuditDashboard","","Different","749DB60C2B926E79548BE8FCC422B87C748A4D775A55BC33EAEBE4FE3A70B6BB","FF44FF663C17E91DBC62E9665C1865B9C128C1D987160FFD845C279E4A3E210B","C:\Users\stephen.brett\source\CymBuild.Monorepo\Database\CymBuild_DB\Schema\Programmability\Procedures\SMigration.OnboardingAuditDashboard.sql","","","System.Object[]","CanonicalAlter","True","False","","System.Object[]","","Source-controlled SQL file resolved."
"e235e282-7488-4b2b-9199-baa5334572cc","StoredProcedure","SMigration","OnboardingDiff_Report","","Different","E3E689CC8D61606604C6A242B8776A555478D0C3AC735A67120F1135F3E21C23","7DF433F5D17989C9AE34812362D30F33D39800617D68CE6A7B3F524B0BA6CD59","C:\Users\stephen.brett\source\CymBuild.Monorepo\Database\CymBuild_DB\Schema\Programmability\Procedures\SMigration.OnboardingDiff_Report.sql","","","System.Object[]","CanonicalAlter","True","False","","System.Object[]","","Source-controlled SQL file resolved."
"8c14c045-8996-4c8f-8be5-c1d810d0249a","StoredProcedure","SMigration","OnboardingEntityScope_List","","MissingInTarget","17C31285C76EAD9E4856D14CCAAF2E0E6011CAB5369BD351BD3A47B4B69D32D7","","C:\Users\stephen.brett\source\CymBuild.Monorepo\Database\CymBuild_DB\Schema\Programmability\Procedures\SMigration.OnboardingEntityScope_List.sql","","","System.Object[]","CanonicalAlter","True","False","","System.Object[]","","Source-controlled SQL file resolved."
"1419fc47-edd1-4416-acc3-7ba7dce88e0f","StoredProcedure","SMigration","OnboardingEntityScope_Seed","","MissingInTarget","4205294AE2E686BE246A36183D896AAA5CF5DCBAEC4FC164AC21C5B5CC917774","","C:\Users\stephen.brett\source\CymBuild.Monorepo\Database\CymBuild_DB\Schema\Programmability\Procedures\SMigration.OnboardingEntityScope_Seed.sql","","","System.Object[]","CanonicalAlter","True","False","","System.Object[]","","Source-controlled SQL file resolved."
"b4e633e2-f61b-4fd2-bc01-77c6bb74963f","StoredProcedure","SMigration","OnboardingImport_Apply","","Different","108C77D888CD1207C55C58A7560448AD0A4499262ACFE63A06D3DDFAB66C03B2","2A87F092615A5BA62846F1045DD464B15724804C5005932146ECB2DE944B30E5","C:\Users\stephen.brett\source\CymBuild.Monorepo\Database\CymBuild_DB\Schema\Programmability\Procedures\SMigration.OnboardingImport_Apply.sql","","","System.Object[]","CanonicalAlter","True","False","","System.Object[]","","Source-controlled SQL file resolved."
"12c8a93c-3ffd-4063-9615-d1d3ab62e159","StoredProcedure","SMigration","OnboardingLookup_BusinessUnitGroups","","Different","27389066D1B07E19AB1B5F4B03DB9C61AB4F57A4FC16B01F592F3C44D4340216","D465B13AC21BFC22064C0FB5796BB72B22749464FABBB7E1EF075BA98DE6F01E","C:\Users\stephen.brett\source\CymBuild.Monorepo\Database\CymBuild_DB\Schema\Programmability\Procedures\SMigration.OnboardingLookup_BusinessUnitGroups.sql","","","System.Object[]","CanonicalAlter","True","False","","System.Object[]","","Source-controlled SQL file resolved."
"c5928fdc-f318-484d-a9ef-fdbb9c1b8b51","StoredProcedure","SMigration","OnboardingLookup_Runs","","Different","2748B6B9E3F9F22E817F463DB089A4D1D6836DB422084DBB6AF980DD22283DC7","C4EE998F36569474AE360B9AFFAC79CF051E85B24E1E1F6F0493F6351C51E4BC","C:\Users\stephen.brett\source\CymBuild.Monorepo\Database\CymBuild_DB\Schema\Programmability\Procedures\SMigration.OnboardingLookup_Runs.sql","","","System.Object[]","CanonicalAlter","True","False","","System.Object[]","","Source-controlled SQL file resolved."
"719d21b7-4208-4d59-bef8-503c72669fbe","StoredProcedure","SMigration","OnboardingReport","","Different","1D1CF97A0F68F4BC0762E2E1C7AC451685D7408FE521028D6E7CB82D679910ED","408575B1EC8B0A489211EC088F5AC7319F4ADF9F2E1755D1F3A84BFDAD105BF2","C:\Users\stephen.brett\source\CymBuild.Monorepo\Database\CymBuild_DB\Schema\Programmability\Procedures\SMigration.OnboardingReport.sql","","","System.Object[]","CanonicalAlter","True","False","","System.Object[]","","Source-controlled SQL file resolved."
"c3df1c17-71e7-4279-95ed-b17bcd9bc299","StoredProcedure","SMigration","OnboardingReport_StagedData","","Different","4FCB1743C1E67C74739D283C8F64A9BB8252E95B7DEA9A10B7099026D3F09222","45C523487723EBB84DD1581821299748DBC5893AAD1361C11EB770316A594AE0","C:\Users\stephen.brett\source\CymBuild.Monorepo\Database\CymBuild_DB\Schema\Programmability\Procedures\SMigration.OnboardingReport_StagedData.sql","","","System.Object[]","CanonicalAlter","True","False","","System.Object[]","","Source-controlled SQL file resolved."
"55128359-7b60-4c85-b11f-457892b777f3","StoredProcedure","SMigration","OnboardingRun_Reserve","","MissingInTarget","A6CD9EC2613D8FD75DC193F696F94F0FFFBFF0F0C8801F19C08B3EE5D7EC5633","","C:\Users\stephen.brett\source\CymBuild.Monorepo\Database\CymBuild_DB\Schema\Programmability\Procedures\SMigration.OnboardingRun_Reserve.sql","","","System.Object[]","CanonicalAlter","True","False","","System.Object[]","","Source-controlled SQL file resolved."
"5acd4822-0d75-4d21-be6b-10909c459ac2","StoredProcedure","SMigration","OnboardingRunEntitySelection_ApplyToStage","","MissingInTarget","D0BCE7695A24D24742939B83B711C6B2B5D886548711558071AB7BB461B7927A","","C:\Users\stephen.brett\source\CymBuild.Monorepo\Database\CymBuild_DB\Schema\Programmability\Procedures\SMigration.OnboardingRunEntitySelection_ApplyToStage.sql","","","System.Object[]","CanonicalAlter","True","False","","System.Object[]","","Source-controlled SQL file resolved."
"7e9f9abe-f20b-4de6-a6c3-392ab844c9c7","StoredProcedure","SMigration","OnboardingRunEntitySelection_Default","","MissingInTarget","C28307460194937CB70C73F23198200A5C8D13F0D8553FF07E1625509794CDB6","","C:\Users\stephen.brett\source\CymBuild.Monorepo\Database\CymBuild_DB\Schema\Programmability\Procedures\SMigration.OnboardingRunEntitySelection_Default.sql","","","System.Object[]","CanonicalAlter","True","False","","System.Object[]","","Source-controlled SQL file resolved."
"bcfe1ac8-f634-49a6-b999-66314658c2c5","StoredProcedure","SMigration","OnboardingRunEntitySelection_List","","MissingInTarget","8335647970708371999106AF2597064DC6533437707F1C83C656EB6E12B03B28","","C:\Users\stephen.brett\source\CymBuild.Monorepo\Database\CymBuild_DB\Schema\Programmability\Procedures\SMigration.OnboardingRunEntitySelection_List.sql","","","System.Object[]","CanonicalAlter","True","False","","System.Object[]","","Source-controlled SQL file resolved."
"b0d224a7-d486-42ee-9bac-e25a56b86d14","StoredProcedure","SMigration","OnboardingRunEntitySelection_Save","","MissingInTarget","2754C72AA3C5AFEF696C2AC8379CCBE9DD32657B1F810E679A678FE4B09910A2","","C:\Users\stephen.brett\source\CymBuild.Monorepo\Database\CymBuild_DB\Schema\Programmability\Procedures\SMigration.OnboardingRunEntitySelection_Save.sql","","","System.Object[]","CanonicalAlter","True","False","","System.Object[]","","Source-controlled SQL file resolved."
"e1824769-872d-4eff-a99a-356b10c3bd8b","StoredProcedure","SMigration","OnboardingRunStageSelection_ApplyToStage","","MissingInTarget","BC386781D8D99AC34F07ADE8E911B6B7DCF28FB28D9707524985E9A9C66CAAF6","","C:\Users\stephen.brett\source\CymBuild.Monorepo\Database\CymBuild_DB\Schema\Programmability\Procedures\SMigration.OnboardingRunStageSelection_ApplyToStage.sql","","","System.Object[]","CanonicalAlter","True","False","","System.Object[]","","Source-controlled SQL file resolved."
"1689683f-1320-46ab-9746-eff0eee27388","StoredProcedure","SMigration","OnboardingRunStageSelection_List","","MissingInTarget","CC67D886D6182CCC76A7A05A2E29BC7CD7CE320C021E811A0175C763CAACEDE8","","C:\Users\stephen.brett\source\CymBuild.Monorepo\Database\CymBuild_DB\Schema\Programmability\Procedures\SMigration.OnboardingRunStageSelection_List.sql","","","System.Object[]","CanonicalAlter","True","False","","System.Object[]","","Source-controlled SQL file resolved."
"168a2d21-8251-41ac-b81a-c6c45c3ad7b7","StoredProcedure","SMigration","OnboardingRunStageSelection_Save","","MissingInTarget","5CFAECB40549C968CE2C11B12D66579CF8E5983B9B3EC5A4C419F7DD66AAC096","","C:\Users\stephen.brett\source\CymBuild.Monorepo\Database\CymBuild_DB\Schema\Programmability\Procedures\SMigration.OnboardingRunStageSelection_Save.sql","","","System.Object[]","CanonicalAlter","True","False","","System.Object[]","","Source-controlled SQL file resolved."
"a46cc15b-18cf-490c-9446-e7403ebf68e2","StoredProcedure","SMigration","OnboardingStage_FinaliseApiLoad","","MissingInTarget","B05F26B65BE3A22237882E5793006F924B17431DA9E7E77F11C962A0FD7E6A3B","","C:\Users\stephen.brett\source\CymBuild.Monorepo\Database\CymBuild_DB\Schema\Programmability\Procedures\SMigration.OnboardingStage_FinaliseApiLoad.sql","","","System.Object[]","CanonicalAlter","True","False","","System.Object[]","","Source-controlled SQL file resolved."
"47d1d658-49e0-48b8-a388-2eabb8f39ae7","StoredProcedure","SMigration","OnboardingStage_LoadFromSource","","Different","5299ACDF40AF061BB941D9247BC6E2E7ABDD557E11610E3442A8539DC0F22D10","A636DE08B00C928CD41D404F42DABBC8CFC5FC0D286852489FDFBB8F8090B0E7","C:\Users\stephen.brett\source\CymBuild.Monorepo\Database\CymBuild_DB\Schema\Programmability\Procedures\SMigration.OnboardingStage_LoadFromSource.sql","","","System.Object[]","CanonicalAlter","True","False","","System.Object[]","","Source-controlled SQL file resolved."
"2d636dac-e734-431b-92b3-8cea60f8d0d2","StoredProcedure","SMigration","OnboardingStage_Reset","","Different","625C3C5625204DCAA913CEC6A3D2B37F088DBBF31F94F56C2013EFA42C49EBE3","5D169B8C78C1CBB16C5B3035F10478D37D01E6D5D22BB6602CFE3AF22D60F2BD","C:\Users\stephen.brett\source\CymBuild.Monorepo\Database\CymBuild_DB\Schema\Programmability\Procedures\SMigration.OnboardingStage_Reset.sql","","","System.Object[]","CanonicalAlter","True","False","","System.Object[]","","Source-controlled SQL file resolved."
"efd9a620-76b2-42f4-b840-2380d53c4bed","StoredProcedure","SMigration","OnboardingValidate","","Different","BDD8EEAA8D99DD58C760D6E1C7C98E036FC7325C291F179D372485E1C64C2B8C","3FFA30D0681E5C1B6AFA50D5C9DA9A6A78B9EB58D90A738833159378DA706A8C","C:\Users\stephen.brett\source\CymBuild.Monorepo\Database\CymBuild_DB\Schema\Programmability\Procedures\SMigration.OnboardingValidate.sql","","","System.Object[]","CanonicalAlter","True","False","","System.Object[]","","Source-controlled SQL file resolved."
"45b99d77-5ae5-4fbf-835d-0e13af4a540c","StoredProcedure","SMigration","SchemaDeploymentPlan_Get","","Different","006142533DC425CE47815E2C57B79F82BB9459FFBD0AA756979D4115424CCEBE","B4D32669CD8E9E00CD2C570DDB5155ACB5D54C759FCFBAF12906A121F3C96ADB","C:\Users\stephen.brett\source\CymBuild.Monorepo\Database\CymBuild_DB\Schema\Programmability\Procedures\SMigration.SchemaDeploymentPlan_Get.sql","","","System.Object[]","CanonicalAlter","True","False","","System.Object[]","","Source-controlled SQL file resolved."
"55d3f837-e337-46cc-ba64-af3cdfd41bbf","StoredProcedure","SSop","CriticalProjectNotesDelete","","MissingInTarget","E1C056555066FF5F7C75C2EEB5E19211A759E63E7587BEE85B03864D5C9333FF","","C:\Users\stephen.brett\source\CymBuild.Monorepo\Database\CymBuild_DB\Schema\Programmability\Procedures\SSop.CriticalProjectNotesDelete.sql","","","System.Object[]","CanonicalAlter","True","False","","System.Object[]","","Source-controlled SQL file resolved."
"fdb0559d-ba35-4316-8bb6-e9d3ea398259","StoredProcedure","SSop","CriticalProjectNotesUpsert","","MissingInTarget","F4B3776A752DDAFCC515A6FF671090847BD84CF140EC0D9833E9687FE4B9F40F","","C:\Users\stephen.brett\source\CymBuild.Monorepo\Database\CymBuild_DB\Schema\Programmability\Procedures\SSop.CriticalProjectNotesUpsert.sql","","","System.Object[]","CanonicalAlter","True","False","","System.Object[]","","Source-controlled SQL file resolved."
"1a2436e1-6573-4057-ae62-8820d90a0c55","StoredProcedure","SSop","EnquiryCreateQuotes","","Different","89D8608877ABE9EA01A4ACC5D7D9EEE51A9B00480F86A6FB16847D64D34EE2EA","CB4B47C0FC462B8BCD5FAA7D870EA50B0B6AD13C5031B2133BC413D8CD4F467D","C:\Users\stephen.brett\source\CymBuild.Monorepo\Database\CymBuild_DB\Schema\Programmability\Procedures\SSop.EnquiryCreateQuotes.sql","","","System.Object[]","CanonicalAlter","True","False","","System.Object[]","","Source-controlled SQL file resolved."
"cff82cc5-d40b-4aec-850d-247202f3f9a8","StoredProcedure","SSop","QuotesDuplicate","","Different","6F4292227AEDE1619B4267088CF07285F4C1558DAB48772F27B73B0B25696551","0A7B639BD0634F090334E1CC54869DB59B939EBB8B09182603C9F218B1B6F615","C:\Users\stephen.brett\source\CymBuild.Monorepo\Database\CymBuild_DB\Schema\Programmability\Procedures\SSop.QuotesDuplicate.sql","","","System.Object[]","CanonicalAlter","True","False","","System.Object[]","","Source-controlled SQL file resolved."
"5533392d-5d0a-4fe5-9cc8-6833bc030a33","Trigger","SFin","tr_Transactions_RecordBatchApprovalTransition","SFin.Transactions","Different","CD72136B6C2978B7B82720382A0CE7815F9533485FC2678109DB5FBE8A62615F","3121AB6C36D3BB16252F3FE88240DB245937D0AFD72E8F038B568C0BBEB312BA","C:\Users\stephen.brett\source\CymBuild.Monorepo\Database\CymBuild_DB\Schema\Programmability\Triggers\SFin.tr_Transactions_RecordBatchApprovalTransition.sql","","","System.Object[]","CanonicalAlter","True","False","","System.Object[]","","Source-controlled SQL file resolved."
